日期,赛事,轮次,时间,主队,客队,半场,竞彩官方,返还率,威廉希尔,返还率,立博,返还率,Bet365,返还率,澳门,返还率
2016年01月01日 (星期五),天皇杯,决赛,2019/1/1 13:15,浦和红钻,大阪钢巴,1月1日," 2.35,3.20, 2.60
2.45,3.10,2.54
5.15,4.15,1.44
5.60,4.25,1.40
,,
,,
,,","返还率
89.08%
88.93%
让球返还率
88.53%
88.64%",",,
,,
,,
,,
,,

,,","返还率


让球返还率

"," 2.62,3.30, 2.62
2.50,3.10,2.80
5.50,4.33,1.44
5.50,4.00,1.50
1.25↑,2.5,0.62↓
0,1,-,0,1, ,1,3,:,1,1
0.91,2.5,0.85","返还率
93.77%
92.62%
让球返还率
90.32%
91.03%"," 2.55,3.30, 2.50
2.50,3.25,2.80
,,
,,
1.00↑,2/2.5↓,0.85↓
0,1,-,0,1, ,1,3,:,0,9
0.90,2.5,0.95","返还率
91.31%
93.91%
让球返还率

"," 2.40,3.20, 2.58
2.45,3.00,2.68
,,
,,
1.00↑,2.5,0.70↓
0,1,-,0,1, ,1,2,:,5,7
0.90,2.5,0.80","返还率
89.54%
89.72%
让球返还率

"
2016年01月01日 (星期五),澳超,第13轮,2019/1/1 16:40,西悉尼漫步者,阿德莱德联,0 - 0," 1.66,3.60, 4.10
1.66,3.60,4.10
3.10,3.50,1.93
3.10,3.50,1.93
,,
,,
,,","返还率
88.96%
88.96%
让球返还率
88.78%
88.78%"," 1.95,3.40, 3.50
1.75,3.50,4.00
,,
,,
,,

,,","返还率
91.52%
90.32%
让球返还率

"," 1.57,4.00, 4.80
1.83,3.50,4.20
2.45,3.50,2.30
3.10,3.60,2.00
0.91↑,2.5,0.80↓
0,1,-,0,1, ,1,6,:,2,3
0.73,2.5,1.05","返还率
91.30%
93.44%
让球返还率
88.60%
90.88%"," 1.57,3.75, 5.25
1.80,3.75,4.33
2.50,3.60,2.25
2.88,3.60,2.10
0.95↓,2.5↓,0.90↑
0,1,-,0,1, ,1,6,:,4,0
1.02,2.5/3,0.82","返还率
91.40%
94.95%
让球返还率
89.11%
90.81%"," 1.82,3.50, 3.55
1.75,3.50,3.85
,,
,,
0.78↓,2.5,0.92↑
0,1,-,0,1, ,1,5,:,5,7
0.80,2.5,0.90","返还率
89.54%
89.53%
让球返还率

"
2016年01月30日 (星期六),阿夏赛,诺法尔杯,2019/1/31 9:10,博卡青年,河床,0 - 0," 2.18,3.10, 2.92
2.22,3.10,2.85
5.00,3.75,1.51
5.15,3.80,1.49
,,
,,
,,","返还率
88.99%
88.98%
让球返还率
88.58%
88.62%",",,
,,
,,
,,
,,

,,","返还率


让球返还率

",",,
,,
,,
,,
,,

,,","返还率


让球返还率

"," 2.38,3.00, 2.90
2.38,3.00,2.90
4.75,4.00,1.53
4.50,4.00,1.53
1.02↑,2↓,0.78↓
0,1,-,3,1, ,0,8,:,4,9
0.78,2/2.5,1.02","返还率
91.05%
91.05%
让球返还率
89.76%
88.82%"," 2.28,3.00, 2.90
2.50,3.00,2.60
,,
,,
0.95,2/2.5,0.75
0,1,-,3,1, ,0,8,:,5,2
0.95,2/2.5,0.75","返还率
89.54%
89.45%
让球返还率

"
2016年01月30日 (星期六),墨西联,第4轮,2019/1/31 9:00,老虎大学,莱昂,3月1日," 1.48,3.85, 5.30
1.42,3.95,6.00
2.56,3.40,2.25
2.40,3.40,2.39
,,
,,
,,","返还率
88.96%
88.96%
让球返还率
88.56%
88.56%"," 2.00,3.25, 3.50
1.55,3.60,6.00
,,
,,
,,

,,","返还率
91.46%
91.78%
让球返还率

"," 1.85,3.60, 4.00
1.48,4.00,7.00
3.25,3.60,1.91
2.38,3.40,2.62
0.85,2.5,0.85↓
0,1,-,3,1, ,0,8,:,4,4
0.85,2.5,0.91","返还率
93.61%
93.59%
让球返还率
90.17%
91.24%"," 2.00,3.25, 3.50
1.50,4.00,7.00
3.75,3.75,1.73
2.30,3.40,2.63
0.92↑,2.5,0.92↓
0,1,-,3,1, ,0,8,:,4,3
0.80,2.5,1.05","返还率
91.46%
94.38%
让球返还率
89.98%
90.16%"," 1.65,3.60, 4.30
1.40,4.00,6.60
,,
,,
0.75,2.5,0.95
0,1,-,2,8, ,1,9,:,3,9
0.75,2.5,0.95","返还率
89.57%
89.62%
让球返还率

"
2016年01月30日 (星期六),智甲,第3轮,2019/1/31 9:00,阿里卡,拉卡莱拉联合,0 - 0," 1.71,3.55, 3.90
1.71,3.55,3.90
3.30,3.50,1.86
3.30,3.50,1.86
,,
,,
,,","返还率
89.06%
89.06%
让球返还率
88.78%
88.78%"," 1.91,3.30, 3.75
1.91,3.30,3.80
,,
,,
,,

,,","返还率
91.47%
91.76%
让球返还率

"," 1.91,3.50, 3.80
1.85,3.40,4.20
3.50,3.60,1.85
3.50,3.60,1.91
1.00↑,2.5,0.73↓
0,1,-,2,8, ,0,1,:,2,4
0.85,2.5,0.85","返还率
93.25%
93.22%
让球返还率
90.58%
91.99%"," 1.83,3.30, 3.80
1.85,3.60,4.00
3.25,3.75,1.83
3.20,3.50,1.95
1.02,2.5,0.78
0,1,-,3,1, ,0,8,:,4,3
1.02,2.5,0.78","返还率
89.88%
93.61%
让球返还率
89.22%
90.01%"," 1.85,3.40, 3.55
1.85,3.40,3.55
,,
,,
0.95,2.5,0.75
0,1,-,2,8, ,1,9,:,3,9
0.95,2.5,0.75","返还率
89.58%
89.58%
让球返还率

"
2016年01月30日 (星期六),墨西联,第4轮,2019/1/31 8:30,莫雷利亚,瓜达拉哈拉,1 - 0," 2.05,3.30, 3.00
2.05,3.30,3.00
4.30,3.80,1.58
4.30,3.80,1.58
,,
,,
,,","返还率
88.95%
88.95%
让球返还率
88.60%
88.60%"," 2.20,3.20, 3.10
2.05,3.25,3.40
,,
,,
,,

,,","返还率
91.77%
91.78%
让球返还率

"," 2.30,3.30, 3.00
2.20,3.30,3.30
4.75,4.00,1.57
4.33,3.75,1.67
0.91↓,2.5,0.80↑
0,1,-,3,1, ,0,8,:,2,7
1.00,2.5,0.73","返还率
93.36%
94.29%
让球返还率
91.12%
91.21%"," 2.20,3.20, 3.10
2.20,3.25,3.30
4.00,4.00,1.62
3.60,3.75,1.70
0.80↓,2/2.5↓,1.05↑
0,1,-,3,1, ,0,5,:,5,0
1.10,2.5,0.78","返还率
91.77%
93.87%
让球返还率
89.50%
88.29%"," 2.25,3.30, 2.70
2.15,3.20,2.95
,,
,,
1.05,2.5,0.65
0,1,-,2,8, ,1,9,:,3,9
1.05,2.5,0.65","返还率
89.46%
89.56%
让球返还率

"
2016年01月30日 (星期六),墨西联,第4轮,2019/1/31 7:00,蓝十字,美洲虎,0 - 1," 1.73,3.40, 4.00
1.73,3.40,4.00
3.35,3.50,1.84
3.35,3.50,1.84
,,
,,
,,","返还率
89.11%
89.11%
让球返还率
88.68%
88.68%"," 2.00,3.25, 3.50
1.83,3.40,4.00
,,
,,
,,

,,","返还率
91.46%
91.70%
让球返还率

"," 2.00,3.40, 3.80
1.75,3.60,4.50
3.75,3.60,1.80
3.10,3.50,2.00
0.91↓,2.5,0.85↑
0,1,-,3,1, ,0,5,:,4,2
1.00,2.5,0.73","返还率
94.58%
93.33%
让球返还率
90.91%
90.23%"," 2.00,3.25, 3.50
1.73,3.60,4.75
3.75,3.75,1.73
2.75,3.60,2.15
0.95↓,2.5,0.90↑
0,1,-,3,1, ,0,6,:,2,4
1.00,2.5,0.85","返还率
91.46%
93.78%
让球返还率
89.98%
90.37%"," 1.80,3.45, 3.68
1.70,3.60,4.00
,,
,,
0.95,2.5,0.75
0,1,-,2,8, ,1,9,:,3,9
0.95,2.5,0.75","返还率
89.51%
89.60%
让球返还率

"
2016年01月30日 (星期六),巴圣锦,第1轮,2019/1/31 7:00,里奥克拉鲁,卡皮哇瑞罗,2月1日," 1.97,3.20, 3.30
1.97,3.20,3.30
4.20,3.60,1.63
4.20,3.60,1.63
,,
,,
,,","返还率
89.04%
89.04%
让球返还率
88.54%
88.54%"," 2.15,3.40, 2.90
2.15,3.00,2.90
,,
,,
,,

,,","返还率
90.57%
87.47%
让球返还率

",",,
,,
,,
,,
,,

,,","返还率


让球返还率

"," 2.10,3.30, 3.00
2.38,3.20,3.00
4.00,3.75,1.67
4.75,4.00,1.60
0.92↓,2/2.5,0.92↑
0,1,-,3,0, ,2,2,:,0,8
0.95,2/2.5,0.90","返还率
89.88%
93.81%
让球返还率
89.65%
92.12%"," 2.15,3.25, 2.90
2.25,3.15,2.80
,,
,,
0.85,2/2.5,0.85
0,1,-,2,8, ,1,9,:,3,9
0.85,2/2.5,0.85","返还率
89.47%
89.36%
让球返还率

"
2016年01月30日 (星期六),智甲,第3轮,2019/1/31 6:30,瓦奇巴托,西班牙联合,1月1日," 2.43,3.55, 2.32
2.43,3.55,2.32
,,
,,
,,
,,
,,","返还率
88.95%
88.95%
让球返还率

"," 2.25,3.30, 2.90
2.75,3.40,2.30
,,
,,
,,

,,","返还率
91.55%
91.53%
让球返还率

"," 2.25,3.40, 3.00
2.62,3.40,2.50
4.33,4.00,1.62
5.00,4.33,1.50
0.67↓,2.5,1.10↑
0,1,-,3,0, ,1,7,:,3,2
0.85,2.5,0.91","返还率
93.29%
92.95%
让球返还率
91.06%
91.11%"," 2.20,3.25, 2.88
2.70,3.40,2.50
4.00,4.00,1.62
4.75,4.50,1.48
0.90↑,2.5/3↑,0.90↓
0,1,-,3,1, ,0,6,:,2,3
0.78,2.5,1.02","返还率
90.13%
93.94%
让球返还率
89.50%
90.22%"," 2.18,3.40, 2.75
2.75,3.20,2.30
,,
,,
0.70↓,2.5,1.00↑
0,1,-,3,1, ,0,4,:,2,1
0.75,2.5,0.95","返还率
89.57%
90.02%
让球返还率

"
2016年01月30日 (星期六),巴圣锦,第1轮,2019/1/31 5:30,巴西红牛,圣保罗,0 - 1," 3.95,3.40, 1.74
4.00,3.45,1.71
,,
,,
,,
,,
,,","返还率
89.13%
88.92%
让球返还率

"," 2.90,3.40, 2.15
3.60,3.25,1.95
,,
,,
,,

,,","返还率
90.57%
91.05%
让球返还率

",",,
,,
,,
,,
,,

,,","返还率


让球返还率

"," 2.70,3.25, 2.30
4.50,3.40,1.83
6.00,4.50,1.40
9.50,6.00,1.20
1.15↑,2.5,0.72↓
0,1,-,3,1, ,0,5,:,1,1
1.05,2.5,0.80","返还率
89.86%
94.09%
让球返还率
90.65%
90.48%"," 3.05,3.32, 2.05
3.70,3.45,1.80
,,
,,
0.95,2.5,0.75
0,1,-,2,8, ,1,9,:,3,9
0.95,2.5,0.75","返还率
89.54%
89.63%
让球返还率

"
2016年01月30日 (星期六),巴圣锦,第1轮,2019/1/31 5:30,欧斯蒂,庞特普雷塔,1 - 0," 3.10,3.20, 2.05
3.10,3.20,2.05
,,
,,
,,
,,
,,","返还率
89.06%
89.06%
让球返还率

"," 2.90,3.40, 2.15
2.90,3.40,2.38
,,
,,
,,

,,","返还率
90.57%
94.42%
让球返还率

",",,
,,
,,
,,
,,

,,","返还率


让球返还率

"," 3.00,3.30, 2.10
2.70,3.20,2.60
6.00,4.75,1.36
5.50,4.33,1.40
1.20↑,2.5,0.70↓
0,1,-,3,1, ,0,5,:,1,1
1.10,2.5,0.78","返还率
89.88%
93.68%
让球返还率
89.89%
88.73%"," 2.82,3.30, 2.17
2.78,3.10,2.30
,,
,,
0.95,2.5,0.75
0,1,-,2,8, ,1,9,:,3,9
0.95,2.5,0.75","返还率
89.41%
89.52%
让球返还率

"
2016年01月30日 (星期六),西甲,第22轮,2019/1/31 5:05,皇家社会,皇家贝蒂斯,2 - 0," 1.57,3.50, 5.00
1.57,3.50,5.00
2.92,3.30,2.07
2.92,3.30,2.07
,,
,,
,,","返还率
89.07%
89.07%
让球返还率
88.61%
88.61%"," 1.75,3.60, 4.80
1.62,3.80,5.50
,,
,,
,,

,,","返还率
94.56%
94.14%
让球返还率

"," 1.83,3.60, 4.20
1.60,3.80,6.00
3.25,3.60,1.91
2.62,3.40,2.25
0.91,2.5,0.80↓
0,1,-,3,1, ,0,4,:,2,2
0.91,2.5,0.83","返还率
94.13%
94.80%
让球返还率
90.17%
89.27%"," 1.73,3.50, 5.00
1.62,3.75,6.00
2.75,3.60,2.15
2.60,3.50,2.30
1.02↑,2.5,0.88↓
0,1,-,3,1, ,0,4,:,1,5
1.00,2.5,0.90","返还率
94.01%
95.18%
让球返还率
90.37%
90.49%"," 1.65,3.55, 4.50
1.55,3.55,5.45
,,
,,
0.95↓,2.5,0.85↑
0,1,-,3,1, ,0,4,:,5,1
1.00,2.5,0.80","返还率
90.09%
90.06%
让球返还率

"
2016年01月30日 (星期六),智甲,第3轮,2019/1/31 4:00,科洛科洛,科布雷萨尔,0 - 0," 1.29,4.90, 7.00
1.29,4.90,7.00
1.93,3.80,2.89
1.93,3.80,2.89
,,
,,
,,","返还率
89.12%
89.12%
让球返还率
88.71%
88.71%"," 1.44,4.33, 6.00
1.33,4.80,7.50
,,
,,
,,

,,","返还率
91.57%
91.45%
让球返还率

"," 1.48,4.33, 6.50
1.36,4.75,8.00
2.25,3.60,2.62
1.91,3.75,3.10
1.20↑,3.5↑,0.62↓
0,1,-,3,1, ,0,3,:,4,7
0.62,2.5,1.10","返还率
94.30%
93.39%
让球返还率
90.59%
89.86%"," 1.36,4.50, 6.50
1.33,5.00,9.00
2.00,3.60,3.00
1.91,3.50,3.40
0.75↑,3↑,1.05↓
0,1,-,3,1, ,0,3,:,5,3
0.70,2.5/3,1.10","返还率
89.98%
94.07%
让球返还率
90.00%
90.63%"," 1.38,4.50, 5.90
1.32,4.80,6.65
,,
,,
0.65,2.5/3,1.05
0,1,-,2,8, ,1,9,:,3,9
0.65,2.5/3,1.05","返还率
89.58%
89.58%
让球返还率

"
2016年01月30日 (星期六),意甲,第22轮,2019/1/31 3:45,罗马,弗洛西诺内,1月1日," 1.15,5.85, 12.00
1.15,5.85,12.00
1.61,3.95,3.95
1.61,3.95,3.95
,,
,,
,,","返还率
88.98%
88.98%
让球返还率
88.70%
88.70%"," 1.25,6.00, 11.00
1.25,5.50,13.00
,,
,,
,,

,,","返还率
94.56%
94.45%
让球返还率

"," 1.30,5.50, 9.00
1.22,6.00,13.00
1.80,4.00,3.50
1.62,4.00,4.33
1.25↑,3.5,0.62↓
0,1,-,3,1, ,0,3,:,2,9
1.10,3.5,0.67","返还率
94.15%
94.05%
让球返还率
91.64%
91.06%"," 1.25,5.50, 12.00
1.22,7.00,11.00
1.67,3.75,4.00
1.62,3.75,4.33
0.80↓,3↓,1.10↑
0,1,-,3,1, ,0,3,:,2,4
0.95,3/3.5,0.95","返还率
93.88%
94.93%
让球返还率
89.65%
89.69%"," 1.17,5.80, 12.00
1.17,5.80,12.00
,,
,,
1.00↑,3/3.5,0.80↓
0,1,-,2,6, ,0,3,:,5,9
0.85,3/3.5,0.95","返还率
90.05%
90.05%
让球返还率

"
2016年01月30日 (星期六),荷甲,第21轮,2019/1/31 3:45,奈梅亨,阿尔克马尔,0 - 2," 2.34,3.30, 2.54
2.34,3.30,2.54
4.90,4.35,1.44
4.90,4.35,1.44
,,
,,
,,","返还率
88.96%
88.96%
让球返还率
88.62%
88.62%"," 2.50,3.20, 2.62
2.50,3.20,2.62
,,
,,
,,

,,","返还率
91.39%
91.39%
让球返还率

"," 2.40,3.50, 2.75
2.80,3.40,2.40
4.75,4.20,1.57
5.50,4.50,1.44
0.73↑,2.5,1.00↓
0,1,-,2,8, ,2,0,:,1,7
0.67,2.5,1.10","返还率
93.81%
93.64%
让球返还率
92.12%
91.03%"," 2.50,3.30, 2.75
2.80,3.40,2.40
4.33,4.33,1.60
5.00,4.50,1.44
1.00↑,2.5/3,0.85↓
0,1,-,3,1, ,0,3,:,3,0
0.98,2.5/3,0.88","返还率
93.75%
93.64%
让球返还率
92.01%
89.55%"," 2.42,3.45, 2.42
2.45,3.45,2.40
,,
,,
0.87↓,2.5/3,0.93↑
0,1,-,3,1, ,0,0,:,2,1
0.90,2.5/3,0.90","返还率
89.58%
89.71%
让球返还率

"
2016年01月31日 (星期日),阿夏赛,银城杯,2019/2/1 9:10,拉普拉塔大学生,拉普拉塔体操,1 - 0," 2.34,2.95, 2.80
2.22,2.95,3.00
5.50,3.95,1.44
5.05,3.85,1.49
,,
,,
,,","返还率
89.01%
89.07%
让球返还率
88.54%
88.58%"," 2.45,2.88, 2.90
2.38,2.80,3.10
,,
,,
,,

,,","返还率
90.89%
90.92%
让球返还率

",",,
,,
,,
,,
,,

,,","返还率


让球返还率

"," 2.40,3.00, 2.90
2.25,3.10,3.40
4.75,4.00,1.53
4.50,4.00,1.57
0.98,2,0.82
0,2,-,0,1, ,0,8,:,5,7
0.98,2,0.82","返还率
91.34%
94.24%
让球返还率
89.76%
90.16%"," 2.45,2.90, 2.75
2.30,3.00,2.87
,,
,,
0.90,2,0.80
0,1,-,3,1, ,1,2,:,5,2
0.90,2,0.80","返还率
89.56%
89.56%
让球返还率

"
2016年01月31日 (星期日),意甲,第22轮,2019/1/31 22:00,那不勒斯,恩波利,2月1日," 1.18,5.40, 11.00
1.18,5.40,11.00
1.70,3.80,3.65
1.70,3.80,3.65
,,
,,
,,","返还率
89.00%
89.00%
让球返还率
88.86%
88.86%"," 1.29,5.50, 10.00
1.30,4.50,11.00
,,
,,
,,

,,","返还率
94.61%
92.39%
让球返还率

"," 1.33,5.00, 9.50
1.25,5.50,11.00
1.91,3.75,3.25
1.73,3.75,3.75
1.25↑,3.5↑,0.57↓
0,1,-,3,1, ,2,1,:,4,8
0.62,2.5,1.25","返还率
94.59%
93.22%
让球返还率
91.08%
89.98%"," 1.30,5.00, 11.00
1.25,6.00,11.00
1.83,3.50,3.50
1.73,3.40,4.00
0.90↑,3↑,1.00↓
0,1,-,3,1, ,2,1,:,5,5
0.82,2.5/3,1.08","返还率
94.33%
94.56%
让球返还率
89.46%
89.11%"," 1.25,5.10, 8.70
1.25,5.10,8.70
,,
,,
0.80,3↑,1.00
0,1,-,3,1, ,2,1,:,5,4
0.80,2.5/3,1.00","返还率
90.01%
90.01%
让球返还率

"
2016年01月31日 (星期日),智甲,第3轮,2019/2/1 6:30,奥伊金斯,伊基克体育,0 - 0," 1.58,4.00, 4.15
1.61,4.00,3.95
2.75,3.60,2.05
2.85,3.60,2.00
,,
,,
,,","返还率
88.98%
88.95%
让球返还率
88.56%
88.60%"," 1.75,3.75, 4.00
1.75,3.75,4.00
,,
,,
,,

,,","返还率
91.90%
91.90%
让球返还率

"," 1.91,3.60, 3.60
1.75,3.80,4.33
3.40,3.75,1.85
2.88,3.75,2.00
0.62↓,2.5,1.25↑
0,2,-,0,1, ,0,5,:,4,6
0.67,2.5,1.10","返还率
92.67%
93.85%
让球返还率
90.80%
89.78%"," 1.83,3.40, 3.60
1.75,3.75,4.50
3.10,4.00,1.83
2.60,3.75,2.10
0.75↓,2.5/3,1.05↑
0,2,-,0,1, ,0,6,:,1,4
0.82,2.5/3,0.98","返还率
89.42%
94.31%
让球返还率
89.36%
88.69%"," 1.72,3.75, 3.70
1.70,3.50,4.05
,,
,,
0.75,2.5/3,0.95
0,1,-,2,8, ,1,9,:,3,9
0.75,2.5/3,0.95","返还率
89.42%
89.22%
让球返还率

"
2016年01月31日 (星期日),巴圣锦,第1轮,2019/2/1 5:30,林斯竞技,诺瓦里桑蒂诺,0 - 0," 1.83,3.25, 3.70
1.83,3.25,3.70
3.75,3.50,1.74
3.75,3.50,1.74
,,
,,
,,","返还率
88.94%
88.94%
让球返还率
88.72%
88.72%"," 1.85,3.30, 3.80
1.83,3.30,4.00
,,
,,
,,

,,","返还率
90.36%
90.95%
让球返还率

",",,
,,
,,
,,
,,

,,","返还率


让球返还率

",",,
,,
3.50,3.75,1.80
3.00,3.50,2.05
1.15↑,2.5,0.72↓
0,2,-,0,1, ,0,5,:,1,8
1.10,2.5,0.78","返还率


让球返还率
90.26%
90.35%"," 1.85,3.35, 3.60
1.85,3.35,3.60
,,
,,
0.95,2.5,0.75
0,1,-,3,0, ,0,9,:,4,5
0.95,2.5,0.75","返还率
89.54%
89.54%
让球返还率

"
2016年01月31日 (星期日),巴圣锦,第1轮,2019/2/1 5:30,博塔弗戈SP,帕尔梅拉斯,0 - 0," 4.05,3.40, 1.72
4.05,3.40,1.72
,,
,,
,,
,,
,,","返还率
89.09%
89.09%
让球返还率

"," 4.00,3.75, 1.70
4.00,3.75,1.70
,,
,,
,,

,,","返还率
90.51%
90.51%
让球返还率

",",,
,,
,,
,,
,,

,,","返还率


让球返还率

",",,
,,
8.00,6.00,1.22
10.00,5.50,1.18
0.98↑,2/2.5,0.88↓
0,2,-,0,1, ,0,5,:,1,8
0.95,2/2.5,0.90","返还率


让球返还率
89.98%
88.55%"," 3.68,3.35, 1.83
3.68,3.35,1.83
,,
,,
0.85,2/2.5,0.85
0,1,-,2,8, ,1,9,:,3,9
0.85,2/2.5,0.85","返还率
89.55%
89.55%
让球返还率

"
2016年01月31日 (星期日),友谊赛,2月赛程,2019/2/1 4:45,美国,冰岛,1月1日," 1.44,3.80, 6.00
1.50,3.65,5.50
2.51,3.30,2.34
2.63,3.40,2.20
,,
,,
,,","返还率
88.95%
89.09%
让球返还率
88.59%
88.58%"," 1.67,3.50, 4.33
1.67,3.60,5.50
,,
,,
,,

,,","返还率
89.65%
94.48%
让球返还率

"," 1.73,3.60, 4.75
1.62,3.75,5.75
3.00,3.50,2.10
2.62,3.40,2.25
0.91↓,2.5,0.83↑
0,1,-,3,1, ,1,5,:,5,6
1.00,2.5,0.73","返还率
93.78%
94.53%
让球返还率
91.30%
89.27%"," 1.53,3.75, 6.00
1.55,3.60,5.75
2.88,3.50,2.10
2.50,3.50,2.38
1.00↑,2.5↑,0.85↓
0,2,-,0,1, ,0,4,:,2,6
0.80,2/2.5,1.05","返还率
92.00%
91.17%
让球返还率
90.16%
90.43%"," 1.65,3.55, 4.35
1.60,3.55,4.75
,,
,,
0.90↓,2.5,0.80↑
0,1,-,3,1, ,1,7,:,2,3
1.00,2.5,0.70","返还率
89.47%
89.51%
让球返还率

"
2016年01月31日 (星期日),智甲,第3轮,2019/2/1 4:00,天主大学,圣地亚哥漫步者,1 - 0," 1.48,4.20, 4.75
1.48,4.20,4.75
2.45,3.65,2.24
2.45,3.65,2.24
,,
,,
,,","返还率
88.94%
88.94%
让球返还率
88.61%
88.61%"," 1.70,3.80, 4.20
1.57,4.00,4.20
,,
,,
,,

,,","返还率
91.79%
88.89%
让球返还率

"," 1.80,3.80, 4.00
1.57,3.80,5.75
3.00,3.75,2.00
2.50,3.50,2.38
0.73↑,2.5,1.00↓
0,2,-,0,1, ,0,3,:,5,5
0.67,2.5,1.10","返还率
93.57%
93.11%
让球返还率
90.91%
90.43%"," 1.62,3.75, 4.33
1.57,4.00,5.50
2.50,3.75,2.20
2.38,3.75,2.40
0.72↓,2.5/3,1.08↑
0,2,-,0,1, ,0,2,:,4,1
0.75,2.5/3,1.05","返还率
89.69%
93.57%
让球返还率
89.19%
90.62%"," 1.65,3.88, 3.95
1.50,3.80,5.35
,,
,,
0.70,2.5/3,1.00
0,1,-,2,8, ,1,9,:,3,9
0.70,2.5/3,1.00","返还率
89.53%
89.55%
让球返还率

"
2016年01月31日 (星期日),法甲,第23轮,2019/2/1 4:00,圣埃蒂安,巴黎圣日尔曼,0 - 0," 7.40,3.95, 1.36
7.40,3.95,1.36
,,
,,
,,
,,
,,","返还率
89.00%
89.00%
让球返还率

"," 5.00,3.80, 1.67
7.00,3.80,1.57
,,
,,
,,

,,","返还率
94.17%
95.88%
让球返还率

"," 5.00,3.80, 1.67
7.00,4.00,1.50
13.00,6.50,1.18
21.00,8.50,1.11
0.91,2.5,0.85
0,2,-,0,1, ,0,2,:,1,1
0.91,2.5,0.85","返还率
94.17%
94.38%
让球返还率
92.74%
93.79%"," 6.00,3.60, 1.60
7.00,3.80,1.53
11.00,7.00,1.14
12.00,8.00,1.11
0.98↑,2.5,0.88↓
0,2,-,0,1, ,0,3,:,4,9
0.90,2.5,0.95","返还率
93.51%
94.37%
让球返还率
90.01%
90.15%"," 5.30,3.90, 1.50
5.92,3.75,1.48
,,
,,
0.95↑,2.5,0.85↓
0,1,-,2,9, ,0,3,:,4,0
0.85,2.5,0.95","返还率
89.95%
89.99%
让球返还率

"
2016年01月31日 (星期日),意甲,第22轮,2019/2/1 3:45,AC米兰,国际米兰,1 - 0," 2.27,3.15, 2.73
2.35,3.00,2.74
5.05,4.00,1.47
5.25,4.10,1.44
,,
,,
,,","返还率
88.95%
88.98%
让球返还率
88.63%
88.59%"," 2.45,3.25, 2.90
2.70,3.00,2.88
,,
,,
,,

,,","返还率
94.28%
95.15%
让球返还率

"," 2.50,3.30, 2.75
2.62,3.00,2.90
5.00,4.20,1.53
6.00,4.00,1.50
1.00,2.5,0.73
0,1,-,2,8, ,0,0,:,3,5
1.00,2.5,0.73","返还率
93.75%
94.35%
让球返还率
91.60%
92.31%"," 2.45,3.40, 2.75
2.55,2.90,3.00
4.50,4.00,1.57
5.00,4.00,1.50
0.82↓,2↓,1.08↑
0,2,-,0,1, ,0,3,:,3,3
1.15,2.5,0.78","返还率
93.82%
93.43%
让球返还率
90.16%
89.55%"," 2.25,3.10, 2.90
2.38,3.00,2.77
,,
,,
1.05↑,2/2.5,0.75↓
0,1,-,3,1, ,1,5,:,2,2
0.85,2/2.5,0.95","返还率
89.94%
89.73%
让球返还率

"
2016年01月31日 (星期日),葡超,第20轮,2019/2/1 3:15,摩雷伦斯,本菲卡,0 - 2," 9.50,4.75, 1.24
10.00,4.90,1.22
,,
,,
,,
,,
,,","返还率
89.11%
88.99%
让球返还率

"," 7.00,4.33, 1.36
9.00,4.50,1.33
,,
,,
,,

,,","返还率
90.16%
92.15%
让球返还率

"," 8.00,4.50, 1.40
9.00,4.75,1.36
23.00,10.00,1.09
26.00,11.00,1.08
0.67↓,2.5,1.10↑
0,2,-,0,1, ,0,2,:,1,9
0.73,2.5,1.00","返还率
94.21%
94.61%
让球返还率
94.26%
94.76%"," 8.00,4.20, 1.36
9.50,4.75,1.33
15.00,10.00,1.07
15.00,10.00,1.07
0.90↓,2.5/3,0.95↑
0,2,-,0,1, ,0,2,:,4,8
1.05,2.5/3,0.80","返还率
91.04%
93.66%
让球返还率
90.81%
90.81%"," 8.10,4.70, 1.28
8.10,4.70,1.28
,,
,,
0.75,2.5,0.95
0,1,-,2,7, ,1,9,:,0,6
0.75,2.5,0.95","返还率
89.49%
89.49%
让球返还率

"
2016年01月31日 (星期日),巴圣锦,第1轮,2019/2/1 3:00,科林蒂安,皮拉西卡巴,0 - 0," 1.27,4.50, 8.75
1.27,4.50,8.75
1.98,3.45,3.00
1.98,3.45,3.00
,,
,,
,,","返还率
88.98%
88.98%
让球返还率
88.63%
88.63%"," 1.55,3.80, 5.00
1.33,4.20,7.00
,,
,,
,,

,,","返还率
90.23%
88.27%
让球返还率

",",,
,,
,,
,,
,,

,,","返还率


让球返还率

",",,
,,
2.50,3.50,2.38
2.10,3.40,2.75
1.02,2.5,0.82
0,1,-,2,8, ,0,9,:,3,1
1.02,2.5,0.82","返还率


让球返还率
90.43%
88.19%"," 1.48,3.80, 5.60
1.35,4.20,7.22
,,
,,
0.90,2.5,0.80
0,1,-,2,8, ,1,9,:,3,9
0.90,2.5,0.80","返还率
89.49%
89.50%
让球返还率

"
2016年01月31日 (星期日),墨西联,第4轮,2019/2/1 2:00,托卢卡,普埃布拉,1 - 0," 1.68,3.45, 4.20
1.64,3.45,4.45
3.20,3.45,1.90
3.08,3.45,1.95
,,
,,
,,","返还率
89.03%
88.94%
让球返还率
88.60%
88.70%"," 1.91,3.40, 3.60
1.65,3.60,4.80
,,
,,
,,

,,","返还率
91.29%
91.56%
让球返还率

"," 1.85,3.50, 4.00
1.67,3.75,5.00
3.40,3.60,1.91
2.75,3.50,2.20
0.85↓,2.5,0.91↑
0,2,-,0,1, ,0,1,:,5,6
0.91,2.5,0.85","返还率
92.91%
93.86%
让球返还率
91.29%
90.59%"," 1.91,3.40, 3.60
1.60,3.75,4.75
3.40,3.75,1.80
2.60,3.50,2.25
0.95↓,2.5,0.90↑
0,2,-,0,1, ,0,1,:,5,0
1.02,2.5,0.82","返还率
91.29%
90.73%
让球返还率
89.58%
89.70%"," 1.78,3.50, 3.70
1.65,3.35,4.65
,,
,,
0.95,2.5,0.75
0,1,-,2,8, ,1,9,:,3,9
0.95,2.5,0.75","返还率
89.46%
89.32%
让球返还率

"
2016年01月31日 (星期日),西甲,第22轮,2019/2/1 1:15,拉斯帕尔马斯,维戈塞尔塔,1月1日," 2.32,3.10, 2.70
2.45,3.05,2.58
5.30,4.00,1.45
5.65,4.20,1.40
,,
,,
,,","返还率
88.97%
89.00%
让球返还率
88.63%
88.54%"," 2.50,3.20, 2.88
2.60,3.00,2.90
,,
,,
,,

,,","返还率
94.36%
94.09%
让球返还率

"," 2.80,3.40, 2.40
2.60,3.30,2.70
6.00,4.50,1.40
5.50,4.20,1.50
1.00↑,2.5,0.73↓
0,1,-,3,1, ,2,3,:,5,6
0.85,2.5,0.91","返还率
93.64%
94.52%
让球返还率
90.65%
92.03%"," 2.80,3.40, 2.40
2.55,3.30,2.80
5.50,4.33,1.44
4.75,4.00,1.55
0.82↓,2/2.5↓,1.08↑
0,2,-,0,1, ,0,0,:,4,1
1.18,2.5,0.75","返还率
93.64%
95.03%
让球返还率
90.32%
90.44%"," 2.40,3.22, 2.60
2.40,3.22,2.60
,,
,,
0.80↓,2/2.5,1.00↑
0,2,-,0,1, ,0,0,:,5,5
0.95,2/2.5,0.85","返还率
89.94%
89.94%
让球返还率

"
2016年01月31日 (星期日),葡超,第20轮,2019/2/1 1:00,博阿维斯塔,布拉加,0 - 0," 5.45,3.60, 1.51
4.35,3.35,1.68
,,
,,
,,
,,
,,","返还率
89.01%
89.00%
让球返还率

"," 5.00,3.50, 1.65
4.00,3.10,1.95
,,
,,
,,

,,","返还率
91.59%
92.13%
让球返还率

"," 5.00,3.60, 1.70
4.20,3.20,1.95
13.00,6.50,1.18
11.00,5.50,1.22
1.10↑,2.5,0.67↓
0,2,-,0,1, ,0,0,:,3,3
0.91,2.5,0.80","返还率
93.81%
94.04%
让球返还率
92.74%
91.54%"," 5.00,3.40, 1.67
4.33,3.25,1.91
9.00,7.00,1.17
9.00,5.50,1.22
0.85↓,2↓,1.00↑
0,2,-,0,1, ,0,0,:,5,9
1.20,2.5,0.70","返还率
91.50%
94.14%
让球返还率
90.20%
89.88%"," 4.85,3.60, 1.58
3.78,3.20,1.85
,,
,,
0.90,2/2.5,0.80
0,1,-,2,7, ,1,9,:,0,6
0.90,2/2.5,0.80","返还率
89.54%
89.48%
让球返还率

"
2016年01月31日 (星期日),英足总杯,第四圈,2019/1/31 23:59,米尔顿凯恩斯,切尔西,1月3日," 10.50,5.10, 1.20
12.50,5.50,1.16
,,
,,
,,
,,
,,","返还率
88.92%
88.98%
让球返还率

"," 9.50,4.50, 1.36
11.00,4.50,1.29
,,
,,
,,

,,","返还率
94.09%
91.88%
让球返还率

"," 9.50,4.75, 1.33
13.00,6.00,1.25
29.00,11.00,1.07
34.00,13.00,1.06
0.73,2.5,1.00
0,1,-,3,0, ,1,5,:,2,4
0.73,2.5,1.00","返还率
93.66%
95.82%
让球返还率
94.34%
95.26%"," 11.00,5.50, 1.33
13.00,6.00,1.29
19.00,10.00,1.06
19.00,11.00,1.05
0.95↑,3↑,0.90↓
0,1,-,3,1, ,2,3,:,4,5
0.90,2.5,0.95","返还率
97.60%
98.16%
让球返还率
91.24%
91.25%"," 5.15,3.90, 1.50
7.95,5.80,1.22
,,
,,
0.70↓,2.5/3↑,1.00↑
0,1,-,3,1, ,2,1,:,2,4
0.80,2.5,0.90","返还率
89.51%
89.46%
让球返还率

"
2016年01月31日 (星期日),葡超,第20轮,2019/1/31 23:59,葡萄牙国民,通德拉,2 - 0," 1.53,3.65, 5.10
1.50,3.70,5.35
2.75,3.35,2.14
2.66,3.35,2.20
,,
,,
,,","返还率
89.00%
88.98%
让球返还率
88.54%
88.57%"," 1.65,3.50, 5.00
1.60,3.75,5.00
,,
,,
,,

,,","返还率
91.59%
91.60%
让球返还率

"," 1.65,3.60, 5.50
1.57,3.80,6.00
2.75,3.40,2.25
2.62,3.40,2.38
0.91↓,2.5,0.80↑
0,1,-,3,1, ,2,3,:,5,0
1.00,2.5,0.73","返还率
93.84%
93.74%
让球返还率
90.73%
91.24%"," 1.60,3.50, 5.50
1.57,3.80,6.00
2.75,3.50,2.25
2.50,3.40,2.40
1.02↑,2.5,0.82↓
0,1,-,3,1, ,2,3,:,5,2
1.00,2.5,0.85","返还率
91.53%
93.74%
让球返还率
91.42%
90.03%"," 1.63,3.50, 4.60
1.58,3.50,5.05
,,
,,
0.70↓,2/2.5,1.00↑
0,1,-,2,9, ,0,6,:,1,0
0.80,2/2.5,0.90","返还率
89.56%
89.55%
让球返还率

"
2016年01月31日 (星期日),葡超,第20轮,2019/1/31 23:59,阿罗卡,费雷拉,0 - 1," 2.26,3.10, 2.78
2.08,3.15,3.08
5.00,4.05,1.47
4.25,3.95,1.56
,,
,,
,,","返还率
88.91%
89.05%
让球返还率
88.72%
88.54%"," 2.60,3.00, 2.70
2.05,3.10,3.60
,,
,,
,,

,,","返还率
91.88%
91.90%
让球返还率

"," 2.50,3.25, 2.80
2.05,3.20,3.80
5.50,4.00,1.50
4.00,3.60,1.73
1.20↑,2.5,0.62↓
0,1,-,3,1, ,2,3,:,5,0
1.10,2.5,0.67","返还率
93.91%
94.03%
让球返还率
91.03%
90.43%"," 2.30,3.00, 3.10
2.05,3.10,4.00
4.75,4.00,1.55
3.40,3.75,1.80
1.00,2/2.5,0.85
0,1,-,3,1, ,2,3,:,4,5
1.00,2/2.5,0.85","返还率
91.68%
94.31%
让球返还率
90.44%
89.58%"," 2.45,3.10, 2.58
2.00,3.10,3.40
,,
,,
0.95,2/2.5,0.75
0,1,-,2,7, ,1,9,:,0,6
0.95,2/2.5,0.75","返还率
89.42%
89.55%
让球返还率

"
2016年01月31日 (星期日),葡超,第20轮,2019/1/31 23:59,里奥阿维,塞图巴尔,2 - 0," 1.65,3.45, 4.40
1.65,3.45,4.40
3.05,3.50,1.94
3.05,3.50,1.94
,,
,,
,,","返还率
89.03%
89.03%
让球返还率
88.57%
88.57%"," 1.91,3.30, 3.80
1.80,3.30,4.33
,,
,,
,,

,,","返还率
91.76%
91.78%
让球返还率

"," 1.85,3.40, 4.20
1.80,3.25,5.00
3.40,3.60,1.91
3.40,3.40,2.00
0.91↓,2.5,0.80↑
0,1,-,3,1, ,1,4,:,2,9
1.00,2.5,0.73","返还率
93.22%
94.05%
让球返还率
91.29%
91.89%"," 1.83,3.20, 4.33
1.73,3.30,5.50
3.10,3.60,2.00
2.88,3.50,2.15
0.95↓,2/2.5↓,0.90↑
0,1,-,3,1, ,1,8,:,1,8
1.00,2.5,0.85","返还率
91.75%
94.08%
让球返还率
90.88%
91.07%"," 1.80,3.35, 3.80
1.80,3.35,3.80
,,
,,
1.02↑,2.5,0.68↓
0,1,-,3,1, ,2,0,:,2,3
0.95,2.5,0.75","返还率
89.51%
89.51%
让球返还率

"
2016年01月31日 (星期日),法甲,第23轮,2019/1/31 23:59,波尔多,雷恩,1 - 0," 2.00,3.00, 3.45
2.37,2.85,2.85
4.35,3.60,1.61
5.55,4.00,1.43
,,
,,
,,","返还率
89.03%
88.99%
让球返还率
88.59%
88.54%"," 2.20,3.20, 3.40
2.60,3.00,3.00
,,
,,
,,

,,","返还率
94.24%
95.12%
让球返还率

"," 2.10,3.30, 3.50
2.50,3.10,2.88
4.00,3.75,1.73
5.50,4.00,1.50
1.25↑,2.5,0.62↓
0,1,-,3,1, ,1,8,:,1,6
1.10,2.5,0.67","返还率
93.90%
93.48%
让球返还率
91.35%
91.03%"," 2.05,3.25, 3.75
2.60,3.10,2.90
3.75,3.60,1.80
5.50,4.00,1.53
1.05↓,2/2.5↓,0.80↑
0,1,-,3,1, ,2,3,:,4,5
1.20,2.5,0.70","返还率
94.15%
95.05%
让球返还率
90.91%
92.13%"," 2.08,3.20, 3.15
2.40,3.10,2.70
,,
,,
0.95,2/2.5,0.85
0,1,-,2,6, ,1,8,:,0,3
0.95,2/2.5,0.85","返还率
90.03%
90.12%
让球返还率

"
2016年01月31日 (星期日),荷甲,第21轮,2019/1/31 23:45,特温特,乌德勒支,3 - 0," 2.50,3.60, 2.25
2.45,3.60,2.29
,,
,,
,,
,,
,,","返还率
89.11%
89.08%
让球返还率

"," 2.80,3.30, 2.30
2.62,3.40,2.38
,,
,,
,,

,,","返还率
91.33%
91.24%
让球返还率

"," 2.62,3.60, 2.40
2.70,3.50,2.40
5.00,4.50,1.44
5.50,4.50,1.44
0.57↓,2.5,1.25
0,1,-,3,1, ,2,2,:,4,6
0.62,2.5,1.25","返还率
92.93%
93.22%
让球返还率
89.55%
91.03%"," 3.00,3.50, 2.25
2.70,3.40,2.50
5.00,5.00,1.40
4.50,4.75,1.48
0.98↓,3↓,0.88↑
0,1,-,3,1, ,2,3,:,3,1
1.00,3.5,0.85","返还率
94.03%
93.94%
让球返还率
89.74%
90.22%"," 2.43,3.50, 2.38
2.43,3.50,2.38
,,
,,
0.88↓,3,0.92↑
0,1,-,3,1, ,2,3,:,2,5
0.95,3,0.85","返还率
89.49%
89.49%
让球返还率

"
2016年01月31日 (星期日),西甲,第22轮,2019/1/31 23:00,巴伦西亚,希洪竞技,0 - 0," 1.62,3.50, 4.55
1.54,3.65,5.00
3.00,3.45,1.98
2.75,3.40,2.12
,,
,,
,,","返还率
89.06%
89.02%
让球返还率
88.63%
88.54%"," 1.70,3.75, 4.80
1.70,3.60,5.00
,,
,,
,,

,,","返还率
94.05%
93.81%
让球返还率

"," 1.57,4.00, 5.75
1.65,3.75,5.25
2.50,3.50,2.38
2.75,3.50,2.25
0.91↑,2.5,0.85
0,1,-,3,1, ,2,2,:,5,4
0.85,2.5,0.85","返还率
94.26%
94.06%
让球返还率
90.43%
91.42%"," 1.53,4.33, 5.50
1.62,3.75,5.75
2.30,3.40,2.60
2.50,3.50,2.30
0.95↑,2.5,0.95↓
0,1,-,3,1, ,2,2,:,5,8
0.90,2.5,1.00","返还率
93.78%
94.53%
让球返还率
89.81%
89.25%"," 1.62,3.65, 4.55
1.60,3.60,4.80
,,
,,
0.85,2.5,0.95
0,1,-,2,5, ,1,8,:,5,7
0.85,2.5,0.95","返还率
90.01%
90.00%
让球返还率

"
