id,url_token,name,use_default_avatar,avatar_url,avatar_url_template,is_org,type,url,user_type,headline,gender,is_advertiser,vip_info,badge,is_following,is_followed,follower_count,answer_count,articles_count
9e80e702bf53e70138ba3e1c43835907,chairman-10-21,Chairman,False,https://pic4.zhimg.com/v2-fbbb97677990592382814a0cc7499a29_is.jpg,https://pic4.zhimg.com/v2-fbbb97677990592382814a0cc7499a29_{size}.jpg,False,people,https://www.zhihu.com/people/chairman-10-21,people,审核员,1,False,"{'is_vip': False, 'rename_days': '60'}",[],False,False,0,0,0
7bf9179ab240ccc074d160cb437cb90e,huang-zuo-jian,洛河以南,False,https://pic2.zhimg.com/v2-78ee7e0a343d5a3e927f1f9bd5580527_is.jpg,https://pic2.zhimg.com/v2-78ee7e0a343d5a3e927f1f9bd5580527_{size}.jpg,False,people,https://www.zhihu.com/people/huang-zuo-jian,people,不能把这个世界，让给你你所厌恶的人,1,False,"{'is_vip': False, 'rename_days': '60'}",[],False,False,0,7,0
77c8128edbd1582529f6253973b73af1,li-zhi-qiang-50-29,手撕花包菜,False,https://pic2.zhimg.com/v2-09836f9fc2c918a9e13de8917a162d8d_is.jpg,https://pic2.zhimg.com/v2-09836f9fc2c918a9e13de8917a162d8d_{size}.jpg,False,people,https://www.zhihu.com/people/li-zhi-qiang-50-29,people,工科救不了国,1,False,"{'is_vip': False, 'rename_days': '60'}",[],False,False,4,0,0
ff8240d074422771dc4c920b87448dc5,roywcc,roywcc,True,https://pic4.zhimg.com/da8e974dc_is.jpg,https://pic4.zhimg.com/da8e974dc_{size}.jpg,False,people,https://www.zhihu.com/people/roywcc,people,,-1,False,"{'is_vip': False, 'rename_days': '60'}",[],False,False,0,0,0
562de9a0db8906f1a819a9709e973c94,hai-dao-chuan-duo-gong-5824,霹雳兔小尘,False,https://pic1.zhimg.com/v2-ce8d684cb8ef98e90b2a010558a79ea5_is.jpg,https://pic1.zhimg.com/v2-ce8d684cb8ef98e90b2a010558a79ea5_{size}.jpg,False,people,https://www.zhihu.com/people/hai-dao-chuan-duo-gong-5824,people,人生旅行家,0,False,"{'is_vip': False, 'rename_days': '60'}",[],False,False,0,2,0
1bce6e2c22cad8ea5d671bdc22ac7784,yixiao-kuai-shen-jing-bing,一小块深井冰,False,https://pic3.zhimg.com/06ce80302f819f0c2c485ecc8f258cea_is.jpg,https://pic3.zhimg.com/06ce80302f819f0c2c485ecc8f258cea_{size}.jpg,False,people,https://www.zhihu.com/people/yixiao-kuai-shen-jing-bing,people,在医疗投资的路上刚刚开始。,1,False,"{'is_vip': False, 'rename_days': '60'}",[],False,False,252,5,0
5f2463843e1d8485199fe01fe676f90f,yang-hao-lei-93-1,神仙人掌,False,https://pic3.zhimg.com/v2-094401bed84f87fdecc50173b96a65ca_is.jpg,https://pic3.zhimg.com/v2-094401bed84f87fdecc50173b96a65ca_{size}.jpg,False,people,https://www.zhihu.com/people/yang-hao-lei-93-1,people,蠢材一个,1,False,"{'is_vip': False, 'rename_days': '60'}",[],False,False,2,9,0
460a14165e72565e9bd70e457cebf180,liu-ying-qi-73,刘英琪,False,https://pic1.zhimg.com/v2-03b42d62450ffcb05428b958512bea22_is.jpg,https://pic1.zhimg.com/v2-03b42d62450ffcb05428b958512bea22_{size}.jpg,False,people,https://www.zhihu.com/people/liu-ying-qi-73,people,,-1,False,"{'is_vip': False, 'rename_days': '60'}",[],False,False,0,0,0
5c816c5330f9d9615aac67c77e368570,bnb-tdm,BNB TDM,False,https://pic2.zhimg.com/v2-47229ff055e2bc1ee11f2d1e3de58ecc_is.jpg,https://pic2.zhimg.com/v2-47229ff055e2bc1ee11f2d1e3de58ecc_{size}.jpg,False,people,https://www.zhihu.com/people/bnb-tdm,people,,-1,False,"{'is_vip': False, 'rename_days': '60'}",[],False,False,0,0,0
717cc57aa00393bb0aaf569f8c6f531c,zhang-yue-74-9,孙米,False,https://pic2.zhimg.com/v2-1255ba684ea1559ff408957f99c4541b_is.jpg,https://pic2.zhimg.com/v2-1255ba684ea1559ff408957f99c4541b_{size}.jpg,False,people,https://www.zhihu.com/people/zhang-yue-74-9,people,厚德载物,1,False,"{'is_vip': False, 'rename_days': '60'}",[],False,False,21,17,0
f876902fc21294575fcd77b7d1821f1b,kuai-shou-kan-wan,快手看完,False,https://pic1.zhimg.com/v2-03b42d62450ffcb05428b958512bea22_is.jpg,https://pic1.zhimg.com/v2-03b42d62450ffcb05428b958512bea22_{size}.jpg,False,people,https://www.zhihu.com/people/kuai-shou-kan-wan,people,,-1,False,"{'is_vip': False, 'rename_days': '60'}",[],False,False,0,0,0
c0be6ec2ed35b750a8b1dce7e72613d4,li-xiao-yao-ne,李逍遥呐,False,https://pic2.zhimg.com/v2-8e989b3961060f1f3cd0bf6de834ea16_is.jpg,https://pic2.zhimg.com/v2-8e989b3961060f1f3cd0bf6de834ea16_{size}.jpg,False,people,https://www.zhihu.com/people/li-xiao-yao-ne,people,,-1,False,"{'is_vip': False, 'rename_days': '60'}",[],False,False,0,0,0
3d518c3979ab6c2df8eb3b2cffc0b8fe,rainbow-44-8,周衢,False,https://pic1.zhimg.com/v2-5d27bf0d1741fdb13deccbc22c524ca2_is.jpg,https://pic1.zhimg.com/v2-5d27bf0d1741fdb13deccbc22c524ca2_{size}.jpg,False,people,https://www.zhihu.com/people/rainbow-44-8,people,,0,False,"{'is_vip': False, 'rename_days': '60'}",[],False,False,0,0,0
5a67b3dd3f1b556ff1dae380d8f8c382,jian-hua-53-87,建华,True,https://pic4.zhimg.com/da8e974dc_is.jpg,https://pic4.zhimg.com/da8e974dc_{size}.jpg,False,people,https://www.zhihu.com/people/jian-hua-53-87,people,,-1,False,"{'is_vip': False, 'rename_days': '60'}",[],False,False,0,0,0
65b77930b00c1901249d4efefa96bfb7,yu-huo-10-55,浴火,False,https://pic4.zhimg.com/v2-d79519537e97bdd64c8b67203d2d31b5_is.jpg,https://pic4.zhimg.com/v2-d79519537e97bdd64c8b67203d2d31b5_{size}.jpg,False,people,https://www.zhihu.com/people/yu-huo-10-55,people,,-1,False,"{'is_vip': False, 'rename_days': '60'}",[],False,False,0,0,0
be698941a3c5c280d1cb7fcaedbcfa88,18055399666,18055399666,True,https://pic4.zhimg.com/da8e974dc_is.jpg,https://pic4.zhimg.com/da8e974dc_{size}.jpg,False,people,https://www.zhihu.com/people/18055399666,people,公司高管,-1,False,"{'is_vip': False, 'rename_days': '60'}",[],False,False,0,0,0
10aa9b75084fc1d67ce3eabe7170db19,heww-42,heww,False,https://pic1.zhimg.com/v2-9ae19850b74d73d1724b288ecac9bd60_is.jpg,https://pic1.zhimg.com/v2-9ae19850b74d73d1724b288ecac9bd60_{size}.jpg,False,people,https://www.zhihu.com/people/heww-42,people,,-1,False,"{'is_vip': False, 'rename_days': '60'}",[],False,False,0,0,0
27098eb841dbc6fcff2a806f00e83a71,kang-sha-99,康莎,True,https://pic4.zhimg.com/da8e974dc_is.jpg,https://pic4.zhimg.com/da8e974dc_{size}.jpg,False,people,https://www.zhihu.com/people/kang-sha-99,people,,-1,False,"{'is_vip': False, 'rename_days': '60'}",[],False,False,0,0,0
b6a55e24b39d5b2e2c98be43abdd2f61,ming-wan-da-lao-hu-9,明晚打老虎,False,https://pic3.zhimg.com/v2-6e7ca992fbe1215a5822c567d12c91dc_is.jpg,https://pic3.zhimg.com/v2-6e7ca992fbe1215a5822c567d12c91dc_{size}.jpg,False,people,https://www.zhihu.com/people/ming-wan-da-lao-hu-9,people,,-1,False,"{'is_vip': False, 'rename_days': '60'}",[],False,False,0,0,0
8e9d12a7020c7dd692cae9fb7d8de2b9,sunshine-94-14-41,Sunshine,False,https://pic4.zhimg.com/v2-b2fd326883fe1f5391e5c9f50636fa41_is.jpg,https://pic4.zhimg.com/v2-b2fd326883fe1f5391e5c9f50636fa41_{size}.jpg,False,people,https://www.zhihu.com/people/sunshine-94-14-41,people,,-1,False,"{'is_vip': False, 'rename_days': '60'}",[],False,False,0,0,0
a9171645dc3a62cde20d6561c322cf11,mr-c-24-16,藏超尧,False,https://pic1.zhimg.com/v2-ac2250f8a4f927df57ee65e0d1da8398_is.jpg,https://pic1.zhimg.com/v2-ac2250f8a4f927df57ee65e0d1da8398_{size}.jpg,False,people,https://www.zhihu.com/people/mr-c-24-16,people,,1,False,"{'is_vip': False, 'rename_days': '60'}",[],False,False,1,0,0
74ceab82a06bc707da3fc1f15c4f864c,homeles,Homeles,False,https://pic4.zhimg.com/v2-8fcf2f3cc166dd1a189f362ec6d0804a_is.jpg,https://pic4.zhimg.com/v2-8fcf2f3cc166dd1a189f362ec6d0804a_{size}.jpg,False,people,https://www.zhihu.com/people/homeles,people,,-1,False,"{'is_vip': False, 'rename_days': '60'}",[],False,False,0,0,0
9620a33b519887ef8dd439de87ed0153,qian-he-97-29,千鹤,False,https://pic2.zhimg.com/v2-0c378c3aa50cf60583457fa14be8ef75_is.jpg,https://pic2.zhimg.com/v2-0c378c3aa50cf60583457fa14be8ef75_{size}.jpg,False,people,https://www.zhihu.com/people/qian-he-97-29,people,,-1,False,"{'is_vip': False, 'rename_days': '60'}",[],False,False,0,0,0
a42278b3c8b8606799b71d74de532b3b,alienology,ALIENology,True,https://pic4.zhimg.com/da8e974dc_is.jpg,https://pic4.zhimg.com/da8e974dc_{size}.jpg,False,people,https://www.zhihu.com/people/alienology,people,,-1,False,"{'is_vip': False, 'rename_days': '60'}",[],False,False,0,0,0
8d286941a14e7d22fcf9d43d6bce1a3c,lzqoct,lzqoct,True,https://pic4.zhimg.com/da8e974dc_is.jpg,https://pic4.zhimg.com/da8e974dc_{size}.jpg,False,people,https://www.zhihu.com/people/lzqoct,people,,-1,False,"{'is_vip': False, 'rename_days': '60'}",[],False,False,1,0,0
c99ded3f67ea94370bca60fd1ed9c0d6,jian-dou-15,简逗,False,https://pic4.zhimg.com/v2-ad8b88c62839969e5d77112ddae4e72e_is.jpg,https://pic4.zhimg.com/v2-ad8b88c62839969e5d77112ddae4e72e_{size}.jpg,False,people,https://www.zhihu.com/people/jian-dou-15,people,,-1,False,"{'is_vip': False, 'rename_days': '60'}",[],False,False,0,0,0
b28977abd919d58d5f6d65e1ffa329f2,qigehaile,qigehaile,True,https://pic4.zhimg.com/da8e974dc_is.jpg,https://pic4.zhimg.com/da8e974dc_{size}.jpg,False,people,https://www.zhihu.com/people/qigehaile,people,,-1,False,"{'is_vip': False, 'rename_days': '60'}",[],False,False,0,0,0
8c420779a3cd8fac5909fcd1d6d568d1,cheng-jun-jie-26,成俊杰,True,https://pic4.zhimg.com/da8e974dc_is.jpg,https://pic4.zhimg.com/da8e974dc_{size}.jpg,False,people,https://www.zhihu.com/people/cheng-jun-jie-26,people,五十六,1,False,"{'is_vip': False, 'rename_days': '60'}",[],False,False,1,0,0
6b7ae414bbaa528bbb75f62c2743eaf6,he-shan-23-18,河山,False,https://pic3.zhimg.com/v2-591104b29a6a8ffc9b6cda9b69d2e428_is.jpg,https://pic3.zhimg.com/v2-591104b29a6a8ffc9b6cda9b69d2e428_{size}.jpg,False,people,https://www.zhihu.com/people/he-shan-23-18,people,,-1,False,"{'is_vip': False, 'rename_days': '60'}",[],False,False,0,0,0
908afe6b0ff21b152e4bd3fa9c207df1,shang-shan-ruo-shui-28-14-34,上善若水,False,https://pic3.zhimg.com/v2-c8144c5d77e4d417a4ac79f1377f677a_is.jpg,https://pic3.zhimg.com/v2-c8144c5d77e4d417a4ac79f1377f677a_{size}.jpg,False,people,https://www.zhihu.com/people/shang-shan-ruo-shui-28-14-34,people,,-1,False,"{'is_vip': False, 'rename_days': '60'}",[],False,False,0,0,0
70fae44bc2021d58d1c2e31fa5faedc8,cyczhu-44,Cyc丶,False,https://pic1.zhimg.com/v2-8098af3331a6b022efcb6693ae1cd0d2_is.jpg,https://pic1.zhimg.com/v2-8098af3331a6b022efcb6693ae1cd0d2_{size}.jpg,False,people,https://www.zhihu.com/people/cyczhu-44,people,,-1,False,"{'is_vip': False, 'rename_days': '60'}",[],False,False,1,0,0
c054022fd2fc198e7ab81f982593e406,chen-shu-sen-83,陈树森,False,https://pic4.zhimg.com/v2-693c5521eac710fbafdd38eff1916fc0_is.jpg,https://pic4.zhimg.com/v2-693c5521eac710fbafdd38eff1916fc0_{size}.jpg,False,people,https://www.zhihu.com/people/chen-shu-sen-83,people,cs初学者,1,False,"{'is_vip': True, 'rename_days': '60', 'vip_icon': {'url': 'https://pic2.zhimg.com/v2-034fefe15c83232cb448718998719d34_r.png', 'night_mode_url': 'https://pic3.zhimg.com/v2-c9686ff064ea3579730756ac6c289978_r.png'}}",[],False,False,0,1,0
9f4d461670fcde650c665111a51368d4,vizi-99-12,Vizi,True,https://pic4.zhimg.com/da8e974dc_is.jpg,https://pic4.zhimg.com/da8e974dc_{size}.jpg,False,people,https://www.zhihu.com/people/vizi-99-12,people,,-1,False,"{'is_vip': False, 'rename_days': '60'}",[],False,False,1,0,0
316393ab2869a771fbbe9ccc98b2a38e,wei9744210,wei9744210,True,https://pic4.zhimg.com/da8e974dc_is.jpg,https://pic4.zhimg.com/da8e974dc_{size}.jpg,False,people,https://www.zhihu.com/people/wei9744210,people,,-1,False,"{'is_vip': False, 'rename_days': '60'}",[],False,False,0,0,0
2b16df5a8f1e3b1e377a283b7f70caa8,shen-ming-74-99,神明,False,https://pic1.zhimg.com/v2-cb48ac6ab76e492c927456feb8d482ff_is.jpg,https://pic1.zhimg.com/v2-cb48ac6ab76e492c927456feb8d482ff_{size}.jpg,False,people,https://www.zhihu.com/people/shen-ming-74-99,people,,-1,False,"{'is_vip': False, 'rename_days': '60'}",[],False,False,0,0,0
7ccbcf609dd40a444c21a4efa0ce30db,pecye,Pecye,False,https://pic2.zhimg.com/v2-04e318451f8d842357f81ab29ea4ad15_is.jpg,https://pic2.zhimg.com/v2-04e318451f8d842357f81ab29ea4ad15_{size}.jpg,False,people,https://www.zhihu.com/people/pecye,people,,-1,False,"{'is_vip': False, 'rename_days': '60'}",[],False,False,0,0,0
13aedd854b0d2ba1a344a99230f7b38a,meng-xin-96-25,萌新,False,https://pic2.zhimg.com/v2-e5357cf236365ab0c14d214709605001_is.jpg,https://pic2.zhimg.com/v2-e5357cf236365ab0c14d214709605001_{size}.jpg,False,people,https://www.zhihu.com/people/meng-xin-96-25,people,,-1,False,"{'is_vip': False, 'rename_days': '60'}",[],False,False,0,0,0
1eac3a386038478d65e2c437f5978912,donna-37-72,Donna,True,https://pic4.zhimg.com/da8e974dc_is.jpg,https://pic4.zhimg.com/da8e974dc_{size}.jpg,False,people,https://www.zhihu.com/people/donna-37-72,people,,-1,False,"{'is_vip': False, 'rename_days': '60'}",[],False,False,0,0,0
96e0b8b0d7305778394fa6db88709e67,twilight-78-19,Twilight,True,https://pic4.zhimg.com/da8e974dc_is.jpg,https://pic4.zhimg.com/da8e974dc_{size}.jpg,False,people,https://www.zhihu.com/people/twilight-78-19,people,,-1,False,"{'is_vip': False, 'rename_days': '60'}",[],False,False,1,7,0
904424020b3c1c76d8406c8e392d77d6,xi-xi-63-86-67-61,半夏,False,https://pic2.zhimg.com/v2-a9267fb72f42745821c244e993377a74_is.jpg,https://pic2.zhimg.com/v2-a9267fb72f42745821c244e993377a74_{size}.jpg,False,people,https://www.zhihu.com/people/xi-xi-63-86-67-61,people,看我的三级头,-1,False,"{'is_vip': False, 'rename_days': '60'}",[],False,False,1,0,0
e90e7f2a62f3715f37e382c0930af7b3,min-min-69-54-50,敏敏,False,https://pic2.zhimg.com/v2-fa1a6dff99af81a595c67043ca95228a_is.jpg,https://pic2.zhimg.com/v2-fa1a6dff99af81a595c67043ca95228a_{size}.jpg,False,people,https://www.zhihu.com/people/min-min-69-54-50,people,,-1,False,"{'is_vip': False, 'rename_days': '60'}",[],False,False,0,0,0
25ccd2d4abe6990455b7541d893c4a4e,hai-pa-9-76,害怕,False,https://pic1.zhimg.com/v2-03b42d62450ffcb05428b958512bea22_is.jpg,https://pic1.zhimg.com/v2-03b42d62450ffcb05428b958512bea22_{size}.jpg,False,people,https://www.zhihu.com/people/hai-pa-9-76,people,,-1,False,"{'is_vip': False, 'rename_days': '60'}",[],False,False,0,0,0
5235ea6a19a4cc32628b9f5f322044ec,zai-tian-19,在天,False,https://pic3.zhimg.com/v2-82e47591cdbad866777da624347ead77_is.jpg,https://pic3.zhimg.com/v2-82e47591cdbad866777da624347ead77_{size}.jpg,False,people,https://www.zhihu.com/people/zai-tian-19,people,,-1,False,"{'is_vip': False, 'rename_days': '60'}",[],False,False,0,0,0
25f43e7351e4130701fe2a605bd76860,ceng-zheng-rong-87,Timothy,True,https://pic4.zhimg.com/da8e974dc_is.jpg,https://pic4.zhimg.com/da8e974dc_{size}.jpg,False,people,https://www.zhihu.com/people/ceng-zheng-rong-87,people,,-1,False,"{'is_vip': False, 'rename_days': '60'}",[],False,False,23,0,0
3c2c17d4b5768aa65792f567ba3114d8,agf-46,agf,True,https://pic4.zhimg.com/da8e974dc_is.jpg,https://pic4.zhimg.com/da8e974dc_{size}.jpg,False,people,https://www.zhihu.com/people/agf-46,people,,-1,False,"{'is_vip': False, 'rename_days': '60'}",[],False,False,0,0,0
52ca2512a547c4b8ab465ded2424de21,bai-peng-fei,白鹏飞,False,https://pic3.zhimg.com/v2-959e74c0258be4d66dcd9652386289d5_is.jpg,https://pic3.zhimg.com/v2-959e74c0258be4d66dcd9652386289d5_{size}.jpg,False,people,https://www.zhihu.com/people/bai-peng-fei,people,Full Stack Developer,1,False,"{'is_vip': False, 'rename_days': '60'}",[],False,False,5,11,0
f803a259e4406336699c568c48d183f2,jing-ke-43-13,荆轲,True,https://pic4.zhimg.com/da8e974dc_is.jpg,https://pic4.zhimg.com/da8e974dc_{size}.jpg,False,people,https://www.zhihu.com/people/jing-ke-43-13,people,,-1,False,"{'is_vip': False, 'rename_days': '60'}",[],False,False,1,0,0
8bd948547e1e2fb62b95593baefe344a,qun-qun-98-35,群群,True,https://pic4.zhimg.com/da8e974dc_is.jpg,https://pic4.zhimg.com/da8e974dc_{size}.jpg,False,people,https://www.zhihu.com/people/qun-qun-98-35,people,,1,False,"{'is_vip': False, 'rename_days': '60'}",[],False,False,1,4,0
1e3cb5ecf4fbfa5b7ad2f7d8ecd1eac2,qiu-dao-ye-zi-shu,求道椰子树,False,https://pic4.zhimg.com/v2-ea8a8e37dea43c84400413fe388601c7_is.jpg,https://pic4.zhimg.com/v2-ea8a8e37dea43c84400413fe388601c7_{size}.jpg,False,people,https://www.zhihu.com/people/qiu-dao-ye-zi-shu,people,,1,False,"{'is_vip': False, 'rename_days': '60'}",[],False,False,0,0,0
c54ee658d98f50e23685bbba4c7dea99,qian-xi-xin-wen-ren-sheng-huo,浅喜新文人生活,False,https://pic4.zhimg.com/v2-453dc4a07bd099a6db7ff2beff4f28fe_is.jpg,https://pic4.zhimg.com/v2-453dc4a07bd099a6db7ff2beff4f28fe_{size}.jpg,True,people,https://www.zhihu.com/people/qian-xi-xin-wen-ren-sheng-huo,organization,,-1,False,[],False,False,0,1,1
abfd20de11f76b46e5e0606f02f86f68,li-tao-1-7,李滔,False,https://pic1.zhimg.com/v2-7aa33d17a23d672218ec7e4d3ec4706d_is.jpg,https://pic1.zhimg.com/v2-7aa33d17a23d672218ec7e4d3ec4706d_{size}.jpg,False,people,https://www.zhihu.com/people/li-tao-1-7,people,,-1,False,"{'is_vip': False, 'rename_days': '60'}",[],False,False,0,0,0
2ac8abcc9c9fb1261f3f1ab7980ff73b,ming-xiao-65-5,明孝,False,https://pic1.zhimg.com/v2-03b42d62450ffcb05428b958512bea22_is.jpg,https://pic1.zhimg.com/v2-03b42d62450ffcb05428b958512bea22_{size}.jpg,False,people,https://www.zhihu.com/people/ming-xiao-65-5,people,,-1,False,"{'is_vip': False, 'rename_days': '60'}",[],False,False,0,0,0
205c89f08d350b5de0a2e42005fc2241,lca-6-36,lca,True,https://pic4.zhimg.com/da8e974dc_is.jpg,https://pic4.zhimg.com/da8e974dc_{size}.jpg,False,people,https://www.zhihu.com/people/lca-6-36,people,,-1,False,"{'is_vip': False, 'rename_days': '60'}",[],False,False,0,0,0
c02d965d5f2097932447c450b58ae4cc,mf88-65,mf88,False,https://pic3.zhimg.com/v2-9c2604c5dad8fe5793273e71e7163a1c_is.jpg,https://pic3.zhimg.com/v2-9c2604c5dad8fe5793273e71e7163a1c_{size}.jpg,False,people,https://www.zhihu.com/people/mf88-65,people,,-1,False,"{'is_vip': False, 'rename_days': '60'}",[],False,False,0,0,0
fb2219f1d74be8793e48fe1760ab5a65,shi-xian-63-12,逝仙,False,https://pic3.zhimg.com/v2-b8e482227a3f0c5cee411dee05245c53_is.jpg,https://pic3.zhimg.com/v2-b8e482227a3f0c5cee411dee05245c53_{size}.jpg,False,people,https://www.zhihu.com/people/shi-xian-63-12,people,,-1,False,"{'is_vip': False, 'rename_days': '60'}",[],False,False,0,4,0
ca819dc572c7d82303022892daa98ced,yikuang521,yikuang521,False,https://pic4.zhimg.com/v2-e1151f64a7e96bcde22277f37d5ca528_is.jpg,https://pic4.zhimg.com/v2-e1151f64a7e96bcde22277f37d5ca528_{size}.jpg,False,people,https://www.zhihu.com/people/yikuang521,people,,-1,False,"{'is_vip': False, 'rename_days': '60'}",[],False,False,0,0,0
71b418603a6b3c11e8700df960aaedbe,da-xiao-jie-36-20,大小姐,False,https://pic1.zhimg.com/v2-b7629499bb88dc76dd29a12c0667012e_is.jpg,https://pic1.zhimg.com/v2-b7629499bb88dc76dd29a12c0667012e_{size}.jpg,False,people,https://www.zhihu.com/people/da-xiao-jie-36-20,people,,-1,False,"{'is_vip': False, 'rename_days': '60'}",[],False,False,0,0,0
e4bbb90b09fcb641801b3220d897d318,fu-xi-ting-76-24-84,氟西汀,False,https://pic3.zhimg.com/v2-ef351507297dd7663036baa98eb4236e_is.jpg,https://pic3.zhimg.com/v2-ef351507297dd7663036baa98eb4236e_{size}.jpg,False,people,https://www.zhihu.com/people/fu-xi-ting-76-24-84,people,,-1,False,"{'is_vip': False, 'rename_days': '60'}",[],False,False,0,0,0
f5128b89ddc5f8bacfda285b78df756b,lun-lun-de-xiao-deng-xin-30,伦伦的小灯芯,False,https://pic3.zhimg.com/v2-47c1c068a67017d3b1a71a8e7adbf222_is.jpg,https://pic3.zhimg.com/v2-47c1c068a67017d3b1a71a8e7adbf222_{size}.jpg,False,people,https://www.zhihu.com/people/lun-lun-de-xiao-deng-xin-30,people,,-1,False,"{'is_vip': False, 'rename_days': '60'}",[],False,False,0,0,0
6c7de5c2ea2b60c21b7747bd74fad8a9,aa-kun-61,a啊坤,False,https://pic4.zhimg.com/v2-d1d40605b4cb4bd7e21bcb7c0cead535_is.jpg,https://pic4.zhimg.com/v2-d1d40605b4cb4bd7e21bcb7c0cead535_{size}.jpg,False,people,https://www.zhihu.com/people/aa-kun-61,people,,-1,False,"{'is_vip': False, 'rename_days': '60'}",[],False,False,0,0,0
2156630314f0c7a7d102d1768b7fdb2f,feng-yu-jian-cheng-54-1,风雨兼程,False,https://pic4.zhimg.com/v2-570981057de2d74aeac73fd478fd0e70_is.jpg,https://pic4.zhimg.com/v2-570981057de2d74aeac73fd478fd0e70_{size}.jpg,False,people,https://www.zhihu.com/people/feng-yu-jian-cheng-54-1,people,,-1,False,"{'is_vip': False, 'rename_days': '60'}",[],False,False,0,0,0
c60681f224c3b789d2acd3cf1d8b9cd9,zhong-xue-sheng-da-bei,中学生大北,False,https://pic3.zhimg.com/v2-60b0d34745788c022f23ef52c3084da3_is.jpg,https://pic3.zhimg.com/v2-60b0d34745788c022f23ef52c3084da3_{size}.jpg,False,people,https://www.zhihu.com/people/zhong-xue-sheng-da-bei,people,,-1,False,"{'is_vip': False, 'rename_days': '60'}",[],False,False,5,0,0
64fbd948f775e41403717053b682b796,yxian-sen-54-58,睿摆摆,True,https://pic4.zhimg.com/da8e974dc_is.jpg,https://pic4.zhimg.com/da8e974dc_{size}.jpg,False,people,https://www.zhihu.com/people/yxian-sen-54-58,people,,-1,False,"{'is_vip': False, 'rename_days': '60'}",[],False,False,0,1,0
ed1800ab1b5d073203b6b19ab0982520,a-a-lee-63,啊啊Lee,True,https://pic4.zhimg.com/da8e974dc_is.jpg,https://pic4.zhimg.com/da8e974dc_{size}.jpg,False,people,https://www.zhihu.com/people/a-a-lee-63,people,,-1,False,"{'is_vip': False, 'rename_days': '60'}",[],False,False,0,0,0
37b49547edc4ea2553fa7159d8c53829,zhen-zhen-zhen-hao-5,真真真好,True,https://pic4.zhimg.com/da8e974dc_is.jpg,https://pic4.zhimg.com/da8e974dc_{size}.jpg,False,people,https://www.zhihu.com/people/zhen-zhen-zhen-hao-5,people,公民,-1,False,"{'is_vip': False, 'rename_days': '60'}",[],False,False,2,15,0
3ed3d557031cdeea2715245fd9fcd371,mi-shang-95-8,麋殇,False,https://pic1.zhimg.com/v2-5305b86b12cf2c763d170d0a1cbd87d4_is.jpg,https://pic1.zhimg.com/v2-5305b86b12cf2c763d170d0a1cbd87d4_{size}.jpg,False,people,https://www.zhihu.com/people/mi-shang-95-8,people,初中新生,-1,False,"{'is_vip': False, 'rename_days': '60'}",[],False,False,1,1,0
80c65eadf81f022112db802261b54910,zao-shang-hao-22-11,早上好,False,https://pic3.zhimg.com/v2-a35333eef44f9fd52a0a17609554fa4b_is.jpg,https://pic3.zhimg.com/v2-a35333eef44f9fd52a0a17609554fa4b_{size}.jpg,False,people,https://www.zhihu.com/people/zao-shang-hao-22-11,people,股票分析师，自己账户最近一年收益率300%,1,False,"{'is_vip': False, 'rename_days': '60'}",[],False,False,0,0,0
5e79cd59cc1effed81e9ee9588866a8b,tian-fu-da-di-gu-ta-xian,天符大帝古踏仙,True,https://pic4.zhimg.com/da8e974dc_is.jpg,https://pic4.zhimg.com/da8e974dc_{size}.jpg,False,people,https://www.zhihu.com/people/tian-fu-da-di-gu-ta-xian,people,哲学  领导  管理  历史  机电,-1,False,"{'is_vip': False, 'rename_days': '60'}",[],False,False,0,1,0
79a0833fed5923fea782dcea2d51d35d,ha-ha-ha-45-91-9,哈哈哈,True,https://pic4.zhimg.com/da8e974dc_is.jpg,https://pic4.zhimg.com/da8e974dc_{size}.jpg,False,people,https://www.zhihu.com/people/ha-ha-ha-45-91-9,people,,-1,False,"{'is_vip': False, 'rename_days': '60'}",[],False,False,0,0,0
20efea742c87bb89e9f98203d907ccdb,zhi-ye-92-45-12,之夜,False,https://pic1.zhimg.com/v2-a7f0f61a70c922eb7d3399263038ea1d_is.jpg,https://pic1.zhimg.com/v2-a7f0f61a70c922eb7d3399263038ea1d_{size}.jpg,False,people,https://www.zhihu.com/people/zhi-ye-92-45-12,people,,-1,False,"{'is_vip': False, 'rename_days': '60'}",[],False,False,0,0,0
bf0b9bc9086629bb7cbbb1a98482f868,liao-man-man-bu-man,廖慢慢不慢,False,https://pic2.zhimg.com/v2-d7fca6a1bdf6b04b6d9df72715bbb361_is.jpg,https://pic2.zhimg.com/v2-d7fca6a1bdf6b04b6d9df72715bbb361_{size}.jpg,False,people,https://www.zhihu.com/people/liao-man-man-bu-man,people,,-1,False,"{'is_vip': False, 'rename_days': '60'}",[],False,False,0,0,0
63fef66388ffe45f9bd4fa140fe57670,liu-yi-yuan-27,刘艺远,False,https://pic2.zhimg.com/670b6d2b3024ceb9c0ef88500c6d970f_is.jpg,https://pic2.zhimg.com/670b6d2b3024ceb9c0ef88500c6d970f_{size}.jpg,False,people,https://www.zhihu.com/people/liu-yi-yuan-27,people,破乎水平越来越像uc,1,False,"{'is_vip': False, 'rename_days': '60'}",[],False,False,5,0,0
5aa273b294c15ce30bc52e8ffb5b70c1,da-bai-liao-25,大白了,False,https://pic4.zhimg.com/v2-de2f18270665860f7e56f30d6a86b4f4_is.jpg,https://pic4.zhimg.com/v2-de2f18270665860f7e56f30d6a86b4f4_{size}.jpg,False,people,https://www.zhihu.com/people/da-bai-liao-25,people,,-1,False,"{'is_vip': False, 'rename_days': '60'}",[],False,False,0,0,0
8640733e0ce10d90819c25d9533c5d9f,li-zuo-43-88,力作,False,https://pic3.zhimg.com/v2-9c13116089f937f94d762201434190ca_is.jpg,https://pic3.zhimg.com/v2-9c13116089f937f94d762201434190ca_{size}.jpg,False,people,https://www.zhihu.com/people/li-zuo-43-88,people,,-1,False,"{'is_vip': False, 'rename_days': '60'}",[],False,False,0,0,0
fc6bc38d1f80d39d1ead139a4042fdf6,gui-ze-yu-zhi-xu,规则与秩序,True,https://pic4.zhimg.com/da8e974dc_is.jpg,https://pic4.zhimg.com/da8e974dc_{size}.jpg,False,people,https://www.zhihu.com/people/gui-ze-yu-zhi-xu,people,,-1,False,"{'is_vip': False, 'rename_days': '60'}",[],False,False,0,5,1
117eb8bd5568249e3edc64a66aa251c0,ai-wei-mian-11,爱未眠,False,https://pic4.zhimg.com/v2-e94b642edf0ea8f6a7d6f2b235663e63_is.jpg,https://pic4.zhimg.com/v2-e94b642edf0ea8f6a7d6f2b235663e63_{size}.jpg,False,people,https://www.zhihu.com/people/ai-wei-mian-11,people,,-1,False,"{'is_vip': False, 'rename_days': '60'}",[],False,False,0,0,0
ddfcd3d29ed30574068f9635961e98f0,lai-nong-69,徠侬,False,https://pic1.zhimg.com/v2-ec0b44a1b5f8713d75dab81a98b43e28_is.jpg,https://pic1.zhimg.com/v2-ec0b44a1b5f8713d75dab81a98b43e28_{size}.jpg,False,people,https://www.zhihu.com/people/lai-nong-69,people,,-1,False,"{'is_vip': False, 'rename_days': '60'}",[],False,False,0,0,0
ab245255965c32c2b1cf162517ca278d,911yang,911yang,False,https://pic1.zhimg.com/v2-03b42d62450ffcb05428b958512bea22_is.jpg,https://pic1.zhimg.com/v2-03b42d62450ffcb05428b958512bea22_{size}.jpg,False,people,https://www.zhihu.com/people/911yang,people,,-1,False,"{'is_vip': True, 'rename_days': '60', 'vip_icon': {'url': 'https://pic2.zhimg.com/v2-034fefe15c83232cb448718998719d34_r.png', 'night_mode_url': 'https://pic3.zhimg.com/v2-c9686ff064ea3579730756ac6c289978_r.png'}}",[],False,False,0,0,0
6da90f4232ed6bc50603b5b7e112ef7d,shandegaodu,流月人间,False,https://pic1.zhimg.com/v2-fa7b3c6e4d9bd0d5d002d71ff81d44e7_is.jpg,https://pic1.zhimg.com/v2-fa7b3c6e4d9bd0d5d002d71ff81d44e7_{size}.jpg,False,people,https://www.zhihu.com/people/shandegaodu,people,不务正业的准程序猿，减肥ing~,-1,False,"{'is_vip': False, 'rename_days': '60'}",[],False,False,1,7,0
3c298073daba2ecb4913b62fc180809f,zhou-yang-62-31,周炀,False,https://pic2.zhimg.com/bd85c6a16f0bf5ec8a7bbaaf14b781c0_is.jpg,https://pic2.zhimg.com/bd85c6a16f0bf5ec8a7bbaaf14b781c0_{size}.jpg,False,people,https://www.zhihu.com/people/zhou-yang-62-31,people,学生,-1,False,"{'is_vip': True, 'rename_days': '60', 'vip_icon': {'url': 'https://pic2.zhimg.com/v2-034fefe15c83232cb448718998719d34_r.png', 'night_mode_url': 'https://pic3.zhimg.com/v2-c9686ff064ea3579730756ac6c289978_r.png'}}",[],False,False,0,0,0
8d7c302316ea41b536bf4b0bbf64d4e3,wypwyp001217,wypwyp001217,True,https://pic4.zhimg.com/da8e974dc_is.jpg,https://pic4.zhimg.com/da8e974dc_{size}.jpg,False,people,https://www.zhihu.com/people/wypwyp001217,people,,-1,False,"{'is_vip': False, 'rename_days': '60'}",[],False,False,0,0,0
76d148fa95eb39044ecf26c73c2ba08e,ze-kun-56,澤坤,True,https://pic4.zhimg.com/da8e974dc_is.jpg,https://pic4.zhimg.com/da8e974dc_{size}.jpg,False,people,https://www.zhihu.com/people/ze-kun-56,people,半残青年,-1,False,"{'is_vip': False, 'rename_days': '60'}",[],False,False,4,15,0
2e473053c96eee365ba02e1d252b4527,jennysky-71,JENNYSKY,False,https://pic2.zhimg.com/v2-48ecd9e84d5d88a76fea06fe775caffa_is.jpg,https://pic2.zhimg.com/v2-48ecd9e84d5d88a76fea06fe775caffa_{size}.jpg,False,people,https://www.zhihu.com/people/jennysky-71,people,,-1,False,"{'is_vip': False, 'rename_days': '60'}",[],False,False,0,5,1
bff265f2c23c11d548e93b1a8538964e,lu-mang-99-21,鹿茫,False,https://pic3.zhimg.com/v2-2c91edbf629c96b6339f45574ca695ed_is.jpg,https://pic3.zhimg.com/v2-2c91edbf629c96b6339f45574ca695ed_{size}.jpg,False,people,https://www.zhihu.com/people/lu-mang-99-21,people,,0,False,"{'is_vip': False, 'rename_days': '60'}",[],False,False,11,6,0
162e7287fb308a3260139b7d9ce98338,smallzz-10,smallzZ,False,https://pic3.zhimg.com/v2-e8d1ca25e0827f8032fe33f479a3d3f4_is.jpg,https://pic3.zhimg.com/v2-e8d1ca25e0827f8032fe33f479a3d3f4_{size}.jpg,False,people,https://www.zhihu.com/people/smallzz-10,people,,-1,False,"{'is_vip': False, 'rename_days': '60'}",[],False,False,0,0,0
105b962ba026692d3ccfad33313858e2,han-san-qing-27,寒三清,True,https://pic4.zhimg.com/da8e974dc_is.jpg,https://pic4.zhimg.com/da8e974dc_{size}.jpg,False,people,https://www.zhihu.com/people/han-san-qing-27,people,,-1,False,"{'is_vip': False, 'rename_days': '60'}",[],False,False,0,0,0
60e1e6084f7436a175c359d4438c86b3,jia-yuan-63-48,家园,True,https://pic4.zhimg.com/da8e974dc_is.jpg,https://pic4.zhimg.com/da8e974dc_{size}.jpg,False,people,https://www.zhihu.com/people/jia-yuan-63-48,people,,-1,False,"{'is_vip': False, 'rename_days': '60'}",[],False,False,0,0,0
738ac637238c0a962f8c0a28f4d8900a,roykovski,Roykovski,False,https://pic3.zhimg.com/v2-b0b40371639f2ba41bf1f3a4f3622a1a_is.jpg,https://pic3.zhimg.com/v2-b0b40371639f2ba41bf1f3a4f3622a1a_{size}.jpg,False,people,https://www.zhihu.com/people/roykovski,people,,-1,False,"{'is_vip': False, 'rename_days': '60'}",[],False,False,0,0,0
e2cd90fe911c304e9cb434f9df23e5cc,wa-ka-ka-77-98-29,哇咔咔,False,https://pic3.zhimg.com/v2-96bd3f223840118a158d1aa077d1b066_is.jpg,https://pic3.zhimg.com/v2-96bd3f223840118a158d1aa077d1b066_{size}.jpg,False,people,https://www.zhihu.com/people/wa-ka-ka-77-98-29,people,,-1,False,"{'is_vip': False, 'rename_days': '60'}",[],False,False,0,0,0
27eb3853592c1f9b60e55ae209264cfc,gag-57,GAG,False,https://pic3.zhimg.com/v2-84908dedbfc109089b5746d3b447ca66_is.jpg,https://pic3.zhimg.com/v2-84908dedbfc109089b5746d3b447ca66_{size}.jpg,False,people,https://www.zhihu.com/people/gag-57,people,,-1,False,"{'is_vip': False, 'rename_days': '60'}",[],False,False,0,0,0
7b1a9fa034b3e5bcc07615548533ba2c,null-76-13,Null,False,https://pic3.zhimg.com/v2-656c2395cfe772787e1cfbb965e540dc_is.jpg,https://pic3.zhimg.com/v2-656c2395cfe772787e1cfbb965e540dc_{size}.jpg,False,people,https://www.zhihu.com/people/null-76-13,people,,-1,False,"{'is_vip': False, 'rename_days': '60'}",[],False,False,0,0,0
2623eeb2216690af761ae473e13639f1,fu-kua-31-94-19,浮 誇,False,https://pic3.zhimg.com/v2-7e0cfee2997294ac9a5ecd1c6a79c4e2_is.jpg,https://pic3.zhimg.com/v2-7e0cfee2997294ac9a5ecd1c6a79c4e2_{size}.jpg,False,people,https://www.zhihu.com/people/fu-kua-31-94-19,people,,-1,False,"{'is_vip': False, 'rename_days': '60'}",[],False,False,0,0,0
b7639ff0e981c1d4e3d03ede206e4dbf,wei-mei-pin-ge,唯美品格,True,https://pic4.zhimg.com/da8e974dc_is.jpg,https://pic4.zhimg.com/da8e974dc_{size}.jpg,False,people,https://www.zhihu.com/people/wei-mei-pin-ge,people,主妇,-1,False,"{'is_vip': False, 'rename_days': '60'}",[],False,False,2,3,0
6eacc2845e809898f237c6bb01b5f899,mi-sen-a-74,弥森吖,False,https://pic2.zhimg.com/v2-3d5bbf9779264ab3170f7d141367d135_is.jpg,https://pic2.zhimg.com/v2-3d5bbf9779264ab3170f7d141367d135_{size}.jpg,False,people,https://www.zhihu.com/people/mi-sen-a-74,people,希望自己成为一个有目标的自信的不忘初心的乐观的人,0,False,"{'is_vip': False, 'rename_days': '60'}",[],False,False,2,1,0
569ea96bf1b747f48cd1f7542f78fb18,847377285,847377285,True,https://pic4.zhimg.com/da8e974dc_is.jpg,https://pic4.zhimg.com/da8e974dc_{size}.jpg,False,people,https://www.zhihu.com/people/847377285,people,,-1,False,"{'is_vip': False, 'rename_days': '60'}",[],False,False,2,0,0
92fb95a8ae1ce4802c335bc734cf49eb,yi-xie-zhi-qiu-88-6,一叶知秋,False,https://pic3.zhimg.com/v2-7a09a2259faa82d66476978466f45968_is.jpg,https://pic3.zhimg.com/v2-7a09a2259faa82d66476978466f45968_{size}.jpg,False,people,https://www.zhihu.com/people/yi-xie-zhi-qiu-88-6,people,,-1,False,"{'is_vip': False, 'rename_days': '60'}",[],False,False,0,0,0
776bd24f0e452ca1e3460cda244042c6,zhui-xing-ting-4,坠星亭,False,https://pic3.zhimg.com/v2-2bd187728a01ff6cd9df8c1f5bbdeadb_is.jpg,https://pic3.zhimg.com/v2-2bd187728a01ff6cd9df8c1f5bbdeadb_{size}.jpg,False,people,https://www.zhihu.com/people/zhui-xing-ting-4,people,,-1,False,"{'is_vip': False, 'rename_days': '60'}",[],False,False,1,0,0
fd60b2aa6fb81e3d1544e7a76cb40e9f,bbba-74,BB吧,False,https://pic1.zhimg.com/v2-c94135d00eacf068a9e8a07a8221ea16_is.jpg,https://pic1.zhimg.com/v2-c94135d00eacf068a9e8a07a8221ea16_{size}.jpg,False,people,https://www.zhihu.com/people/bbba-74,people,,-1,False,"{'is_vip': False, 'rename_days': '60'}",[],False,False,0,0,0
454724a236ab67e1a8245a1a08755db0,zhe-yao-yuan-na-yao-jin-76-36,这么远那么近,False,https://pic3.zhimg.com/v2-444c3519fc1eb46bbcfdd7847eb41cc3_is.jpg,https://pic3.zhimg.com/v2-444c3519fc1eb46bbcfdd7847eb41cc3_{size}.jpg,False,people,https://www.zhihu.com/people/zhe-yao-yuan-na-yao-jin-76-36,people,,-1,False,"{'is_vip': False, 'rename_days': '60'}",[],False,False,0,0,0
d12765d8dacfc18b042f5015d4a6ecec,ting-shen-shen-21,长如岁,False,https://pic3.zhimg.com/729e7f6f034eb27deace6c614a0cfd63_is.jpg,https://pic3.zhimg.com/729e7f6f034eb27deace6c614a0cfd63_{size}.jpg,False,people,https://www.zhihu.com/people/ting-shen-shen-21,people,Empire State of Mind,0,False,"{'is_vip': False, 'rename_days': '60'}",[],False,False,3,17,0
b628624082996d086af28f0fdfa73b74,xiang-shang-tian-de-shuang-ren-yu-san-jin,想上天的双人余三金,True,https://pic4.zhimg.com/da8e974dc_is.jpg,https://pic4.zhimg.com/da8e974dc_{size}.jpg,False,people,https://www.zhihu.com/people/xiang-shang-tian-de-shuang-ren-yu-san-jin,people,,-1,False,"{'is_vip': False, 'rename_days': '60'}",[],False,False,0,0,0
02a94f086f6c306a87704b42e61a9fa4,wo-zhi-tou-kan-ni-yiyan,骆未央,False,https://pic2.zhimg.com/v2-bbb6db5fd95e043491867bea70481b4b_is.jpg,https://pic2.zhimg.com/v2-bbb6db5fd95e043491867bea70481b4b_{size}.jpg,False,people,https://www.zhihu.com/people/wo-zhi-tou-kan-ni-yiyan,people,国家一级退堂鼓表演艺术家,1,False,"{'is_vip': False, 'rename_days': '60'}",[],False,False,9,2,0
5aed71fab0769e723f02db6d348f9c41,mys2019,mys2019,False,https://pic2.zhimg.com/v2-bfe10db092bd3d929287c63394bb8ebd_is.jpg,https://pic2.zhimg.com/v2-bfe10db092bd3d929287c63394bb8ebd_{size}.jpg,False,people,https://www.zhihu.com/people/mys2019,people,,-1,False,"{'is_vip': False, 'rename_days': '60'}",[],False,False,0,0,0
a37398b2be56ce4510452133a582cd43,sai-er-31,赛尔,False,https://pic1.zhimg.com/v2-03b42d62450ffcb05428b958512bea22_is.jpg,https://pic1.zhimg.com/v2-03b42d62450ffcb05428b958512bea22_{size}.jpg,False,people,https://www.zhihu.com/people/sai-er-31,people,,-1,False,"{'is_vip': False, 'rename_days': '60'}",[],False,False,0,0,0
9099c71a1ba7b116163e48d6e9799af7,lgl-95-84,LGL,False,https://pic2.zhimg.com/v2-c11e6808356d767f018b519c8cebce56_is.jpg,https://pic2.zhimg.com/v2-c11e6808356d767f018b519c8cebce56_{size}.jpg,False,people,https://www.zhihu.com/people/lgl-95-84,people,,-1,False,"{'is_vip': False, 'rename_days': '60'}",[],False,False,0,0,0
78ca8a9c415eaffc2b94cbf47ed4430e,alfa-86-13,Alfa,False,https://pic4.zhimg.com/v2-90cc86e6def030c7b25ead19ad1bf91e_is.jpg,https://pic4.zhimg.com/v2-90cc86e6def030c7b25ead19ad1bf91e_{size}.jpg,False,people,https://www.zhihu.com/people/alfa-86-13,people,,-1,False,"{'is_vip': False, 'rename_days': '60'}",[],False,False,0,0,0
b059a3f50cf84f828a45be652719cdf7,kkk-46-16-42,Kkk,False,https://pic2.zhimg.com/v2-ac5de8817b8a84692b9d403ca68617c1_is.jpg,https://pic2.zhimg.com/v2-ac5de8817b8a84692b9d403ca68617c1_{size}.jpg,False,people,https://www.zhihu.com/people/kkk-46-16-42,people,,-1,False,"{'is_vip': False, 'rename_days': '60'}",[],False,False,0,0,0
7ad5e382e44890b963ec7f7da31a8564,kuai-le-lao-xu-7,快乐老徐,False,https://pic4.zhimg.com/v2-bb67f08450d03cf47aee755135b416b2_is.jpg,https://pic4.zhimg.com/v2-bb67f08450d03cf47aee755135b416b2_{size}.jpg,False,people,https://www.zhihu.com/people/kuai-le-lao-xu-7,people,,-1,False,"{'is_vip': False, 'rename_days': '60'}",[],False,False,0,0,0
0b8f7bfbc49e2059f1e5c06357f307d9,zai-xia-shi-ge-mei-mei-ba,在下是个妹妹吧,False,https://pic3.zhimg.com/v2-a60f139d0a5e0edcc9d03314cc69fad8_is.jpg,https://pic3.zhimg.com/v2-a60f139d0a5e0edcc9d03314cc69fad8_{size}.jpg,False,people,https://www.zhihu.com/people/zai-xia-shi-ge-mei-mei-ba,people,,-1,False,"{'is_vip': False, 'rename_days': '60'}",[],False,False,0,0,0
55cd428a3212d5c6e9b2107738c0c62f,knecht-49,章程言,True,https://pic4.zhimg.com/da8e974dc_is.jpg,https://pic4.zhimg.com/da8e974dc_{size}.jpg,False,people,https://www.zhihu.com/people/knecht-49,people,,1,False,"{'is_vip': False, 'rename_days': '60'}",[],False,False,0,0,0
e577663a105673df042a08d4aa48ae8a,tian-dao-you-lun-hui,Epic,False,https://pic3.zhimg.com/v2-e68e3008050aa0faec6dc7d182b33a13_is.jpg,https://pic3.zhimg.com/v2-e68e3008050aa0faec6dc7d182b33a13_{size}.jpg,False,people,https://www.zhihu.com/people/tian-dao-you-lun-hui,people,,1,False,"{'is_vip': False, 'rename_days': '60'}",[],False,False,34,0,0
18534565add8067fbe5049ec09c09c2e,wu-zhi-de-xiao-bei-wei,无知的小卑微,True,https://pic4.zhimg.com/da8e974dc_is.jpg,https://pic4.zhimg.com/da8e974dc_{size}.jpg,False,people,https://www.zhihu.com/people/wu-zhi-de-xiao-bei-wei,people,,-1,False,"{'is_vip': False, 'rename_days': '60'}",[],False,False,1,0,0
1512107b8486c1dc463c048c91040dbb,ai-xue-xi-de-duo-duo-61,爱学习的多多,False,https://pic4.zhimg.com/v2-4bd4d57f0a2f027a29af199e0ef5743b_is.jpg,https://pic4.zhimg.com/v2-4bd4d57f0a2f027a29af199e0ef5743b_{size}.jpg,False,people,https://www.zhihu.com/people/ai-xue-xi-de-duo-duo-61,people,,-1,False,"{'is_vip': False, 'rename_days': '60'}",[],False,False,1,0,0
25846c9f771ad5fd4bb538f6ce4541cc,shepherd-20-1,shepherd,False,https://pic1.zhimg.com/v2-7d0a4172e413f71d970b701031ad35d9_is.jpg,https://pic1.zhimg.com/v2-7d0a4172e413f71d970b701031ad35d9_{size}.jpg,False,people,https://www.zhihu.com/people/shepherd-20-1,people,,-1,False,"{'is_vip': False, 'rename_days': '60'}",[],False,False,0,0,0
711e60e9cbf74d5e52602b324a97ffe0,shan-dai-zi-ji-59-85,善待自己,False,https://pic4.zhimg.com/v2-56706f1be818a0dd9de5e50c202b3dee_is.jpg,https://pic4.zhimg.com/v2-56706f1be818a0dd9de5e50c202b3dee_{size}.jpg,False,people,https://www.zhihu.com/people/shan-dai-zi-ji-59-85,people,,-1,False,"{'is_vip': False, 'rename_days': '60'}",[],False,False,0,0,0
c27779f36714a6dd7cc5d5d6a04db18d,po-xiao-can-meng-26,破晓残梦,False,https://pic1.zhimg.com/v2-ed228f1e73da76dc9f4a17d1dc6333eb_is.jpg,https://pic1.zhimg.com/v2-ed228f1e73da76dc9f4a17d1dc6333eb_{size}.jpg,False,people,https://www.zhihu.com/people/po-xiao-can-meng-26,people,,-1,False,"{'is_vip': False, 'rename_days': '60'}",[],False,False,0,0,0
5a408cab5004590e59922222a2d128e1,han-miao-17,韩妙,False,https://pic4.zhimg.com/v2-f7598472bd5c462416c366e94b36e22f_is.jpg,https://pic4.zhimg.com/v2-f7598472bd5c462416c366e94b36e22f_{size}.jpg,False,people,https://www.zhihu.com/people/han-miao-17,people,8年四大投融资并购+4年创业狗,0,False,"{'is_vip': True, 'rename_days': '60', 'vip_icon': {'url': 'https://pic2.zhimg.com/v2-034fefe15c83232cb448718998719d34_r.png', 'night_mode_url': 'https://pic3.zhimg.com/v2-c9686ff064ea3579730756ac6c289978_r.png'}}",[],False,False,1,0,0
9baceb157fec81177c99b87b2f20666f,zhe-duan-shi-jian-ng,你好才是真的好,False,https://pic4.zhimg.com/v2-bcd038e3310addeb90c13a45aad04bc4_is.jpg,https://pic4.zhimg.com/v2-bcd038e3310addeb90c13a45aad04bc4_{size}.jpg,False,people,https://www.zhihu.com/people/zhe-duan-shi-jian-ng,people,学生狗,1,False,"{'is_vip': False, 'rename_days': '60'}",[],False,False,3,21,0
513c9acf89e5c96f83b194916adea77a,xia-feng-25-29,夏风,False,https://pic3.zhimg.com/v2-af99cb300088cfbeed6e3b6f4191d07e_is.jpg,https://pic3.zhimg.com/v2-af99cb300088cfbeed6e3b6f4191d07e_{size}.jpg,False,people,https://www.zhihu.com/people/xia-feng-25-29,people,,-1,False,"{'is_vip': False, 'rename_days': '60'}",[],False,False,0,0,0
ee863205d382ec0450420fe6392769c4,scorpio-22-66,NKING,False,https://pic3.zhimg.com/4481c4cafafe7f859abf33c4f9806a90_is.jpg,https://pic3.zhimg.com/4481c4cafafe7f859abf33c4f9806a90_{size}.jpg,False,people,https://www.zhihu.com/people/scorpio-22-66,people,互联网,1,False,"{'is_vip': False, 'rename_days': '60'}",[],False,False,0,0,0
b649fea97f22b5dad0cfd44ca13e845c,san-tian-shui-yijue,三天睡一觉,False,https://pic2.zhimg.com/v2-47f04044580fad1369963c9644716174_is.jpg,https://pic2.zhimg.com/v2-47f04044580fad1369963c9644716174_{size}.jpg,False,people,https://www.zhihu.com/people/san-tian-shui-yijue,people,,1,False,"{'is_vip': False, 'rename_days': '60'}",[],False,False,0,1,0
512c55817adbd4ec3c6b4f2a6ff3dc78,andywu-31,Andy唔,False,https://pic2.zhimg.com/v2-6460e37977de3a664b41d968d04089cc_is.jpg,https://pic2.zhimg.com/v2-6460e37977de3a664b41d968d04089cc_{size}.jpg,False,people,https://www.zhihu.com/people/andywu-31,people,有梦想的产品汪,1,False,"{'is_vip': False, 'rename_days': '60'}",[],False,False,0,1,0
bf87ac85bec0e1984774e8b04a072d4d,ming-liang-17-5,明亮,False,https://pic4.zhimg.com/v2-c795f21d8557563acbd117980fd737e5_is.jpg,https://pic4.zhimg.com/v2-c795f21d8557563acbd117980fd737e5_{size}.jpg,False,people,https://www.zhihu.com/people/ming-liang-17-5,people,,-1,False,"{'is_vip': False, 'rename_days': '60'}",[],False,False,0,0,0
2729c4e042e39b11a3266229399be389,hua-dong-gua,花冬瓜,False,https://pic3.zhimg.com/15b5040d55050d806c5b621ad17bcb8d_is.jpg,https://pic3.zhimg.com/15b5040d55050d806c5b621ad17bcb8d_{size}.jpg,False,people,https://www.zhihu.com/people/hua-dong-gua,people,终生学习者.你连自己都改变不了，控制不住，又如何可以改变世界,1,False,"{'is_vip': False, 'rename_days': '60'}",[],False,False,54,113,0
77767b230993aab78f582579056fd1f5,zhang-99-10-59,Quinn,False,https://pic4.zhimg.com/84144600d98c0afb1abdbc0c958e1d17_is.jpg,https://pic4.zhimg.com/84144600d98c0afb1abdbc0c958e1d17_{size}.jpg,False,people,https://www.zhihu.com/people/zhang-99-10-59,people,這個人很懶，什麼都沒有留下,1,False,"{'is_vip': False, 'rename_days': '60'}",[],False,False,0,2,0
0e0ca934f74858186bcd42ab6140d942,wang-xiao-jie-37-81,王小介,False,https://pic4.zhimg.com/v2-a4948f41980c9ac1020981791d52ca9d_is.jpg,https://pic4.zhimg.com/v2-a4948f41980c9ac1020981791d52ca9d_{size}.jpg,False,people,https://www.zhihu.com/people/wang-xiao-jie-37-81,people,资深投融资 创业服务,1,False,"{'is_vip': False, 'rename_days': '60'}",[],False,False,1,1,0
3e91a24e26a033268c942ed3dc666c87,duan-lei-61-83,段磊,True,https://pic4.zhimg.com/da8e974dc_is.jpg,https://pic4.zhimg.com/da8e974dc_{size}.jpg,False,people,https://www.zhihu.com/people/duan-lei-61-83,people,,-1,False,"{'is_vip': False, 'rename_days': '60'}",[],False,False,0,0,0
26659f0ea22434902d4d34aff18c949f,mi-m-69,米M,False,https://pic3.zhimg.com/v2-23c557d13eea482719ebd1054ac59cbb_is.jpg,https://pic3.zhimg.com/v2-23c557d13eea482719ebd1054ac59cbb_{size}.jpg,False,people,https://www.zhihu.com/people/mi-m-69,people,,-1,False,"{'is_vip': False, 'rename_days': '60'}",[],False,False,0,0,0
65abb4f135536fb73f3e4d4d9db4d2fc,xiao-feng-can-yue-9-1,晓风残月,False,https://pic1.zhimg.com/v2-03b42d62450ffcb05428b958512bea22_is.jpg,https://pic1.zhimg.com/v2-03b42d62450ffcb05428b958512bea22_{size}.jpg,False,people,https://www.zhihu.com/people/xiao-feng-can-yue-9-1,people,,-1,False,"{'is_vip': False, 'rename_days': '60'}",[],False,False,0,0,0
7ff3444e92931a0716217103e7df9c52,zi-yang-20-86-56,子昜,False,https://pic2.zhimg.com/v2-a0a3c29dcdb6ab8dd988062008925e88_is.jpg,https://pic2.zhimg.com/v2-a0a3c29dcdb6ab8dd988062008925e88_{size}.jpg,False,people,https://www.zhihu.com/people/zi-yang-20-86-56,people,,-1,False,"{'is_vip': False, 'rename_days': '60'}",[],False,False,0,0,0
a42354ff0bd7401981397d5768977ed5,tian-zi-hu-lai-bu-shang-che,天子呼来不上车,True,https://pic4.zhimg.com/da8e974dc_is.jpg,https://pic4.zhimg.com/da8e974dc_{size}.jpg,False,people,https://www.zhihu.com/people/tian-zi-hu-lai-bu-shang-che,people,,-1,False,"{'is_vip': False, 'rename_days': '60'}",[],False,False,0,38,0
cb5f985d530640ed88dfaf981a4d8d44,chen-chen-chen-29-35,琛琛琛,False,https://pic3.zhimg.com/v2-4f34087b1478adb24983d5ce4cfdebc5_is.jpg,https://pic3.zhimg.com/v2-4f34087b1478adb24983d5ce4cfdebc5_{size}.jpg,False,people,https://www.zhihu.com/people/chen-chen-chen-29-35,people,,-1,False,"{'is_vip': False, 'rename_days': '60'}",[],False,False,0,0,0
12c16ba1c0ef89c82fd315d344c3a2ac,su-huo-yi-13-17,ysxb,False,https://pic1.zhimg.com/v2-9699ccbc6c1147ab3130e38294206afa_is.jpg,https://pic1.zhimg.com/v2-9699ccbc6c1147ab3130e38294206afa_{size}.jpg,False,people,https://www.zhihu.com/people/su-huo-yi-13-17,people,,-1,False,"{'is_vip': False, 'rename_days': '60'}",[],False,False,4,0,0
f0f9099390b5547cd836d51d1af38d46,jin-xing-bai-jia-zi,金姓败家子,False,https://pic4.zhimg.com/v2-daeb16ad333087fa9d2d669b2b70618f_is.jpg,https://pic4.zhimg.com/v2-daeb16ad333087fa9d2d669b2b70618f_{size}.jpg,False,people,https://www.zhihu.com/people/jin-xing-bai-jia-zi,people,,-1,False,"{'is_vip': False, 'rename_days': '60'}",[],False,False,0,0,0
435a1ff84ca1283f22429a50227c20a2,xiao-cheng-zi-36-26,小橙子,True,https://pic4.zhimg.com/da8e974dc_is.jpg,https://pic4.zhimg.com/da8e974dc_{size}.jpg,False,people,https://www.zhihu.com/people/xiao-cheng-zi-36-26,people,,-1,False,"{'is_vip': False, 'rename_days': '60'}",[],False,False,0,0,0
22b2f9bf02f54e7d2c99d40c40e9a10a,su-bo-23-38,苏勃,True,https://pic4.zhimg.com/da8e974dc_is.jpg,https://pic4.zhimg.com/da8e974dc_{size}.jpg,False,people,https://www.zhihu.com/people/su-bo-23-38,people,,-1,False,"{'is_vip': False, 'rename_days': '60'}",[],False,False,5,1,0
1a44c76df613f1902f9c841c2172104b,zhu-bing-xin-57,朱炳新,True,https://pic4.zhimg.com/da8e974dc_is.jpg,https://pic4.zhimg.com/da8e974dc_{size}.jpg,False,people,https://www.zhihu.com/people/zhu-bing-xin-57,people,,-1,False,"{'is_vip': False, 'rename_days': '60'}",[],False,False,0,0,0
ca27a796faee88e4d0bbbb3998b1bdc1,zrdwyh,zrdwyh,True,https://pic4.zhimg.com/da8e974dc_is.jpg,https://pic4.zhimg.com/da8e974dc_{size}.jpg,False,people,https://www.zhihu.com/people/zrdwyh,people,,-1,False,"{'is_vip': False, 'rename_days': '60'}",[],False,False,0,0,0
47be8f0f6793965215784d9d8b358de1,you-84-88,you,False,https://pic3.zhimg.com/v2-59892f4537887431e0b9b1ebefc42b22_is.jpg,https://pic3.zhimg.com/v2-59892f4537887431e0b9b1ebefc42b22_{size}.jpg,False,people,https://www.zhihu.com/people/you-84-88,people,,-1,False,"{'is_vip': False, 'rename_days': '60'}",[],False,False,0,0,0
6f940577c9c0adc02d1d59a24c7d9859,de-de-zhao-29,得得着,True,https://pic4.zhimg.com/da8e974dc_is.jpg,https://pic4.zhimg.com/da8e974dc_{size}.jpg,False,people,https://www.zhihu.com/people/de-de-zhao-29,people,,-1,False,"{'is_vip': False, 'rename_days': '60'}",[],False,False,0,0,0
5bc4306fbe9705a031280f86b05de1a1,le-min-45-47,乐民,False,https://pic2.zhimg.com/d85f817916f83ef78533e07d26dd2428_is.jpg,https://pic2.zhimg.com/d85f817916f83ef78533e07d26dd2428_{size}.jpg,False,people,https://www.zhihu.com/people/le-min-45-47,people,设计师,-1,False,"{'is_vip': False, 'rename_days': '60'}",[],False,False,3,45,0
36d8ad7995db58f99cb77248d123c0f5,kariynerson,睿睿学姐,False,https://pic2.zhimg.com/v2-57209bb53253f79d3fc09307f84360f0_is.jpg,https://pic2.zhimg.com/v2-57209bb53253f79d3fc09307f84360f0_{size}.jpg,False,people,https://www.zhihu.com/people/kariynerson,people,上外课程与教学论研究生专业学姐,0,False,"{'is_vip': False, 'rename_days': '60'}",[],False,False,99,2,32
eb1e0206111747d46bff0dc9439dae13,ha-ha-92-29-78,嘻啊,True,https://pic4.zhimg.com/da8e974dc_is.jpg,https://pic4.zhimg.com/da8e974dc_{size}.jpg,False,people,https://www.zhihu.com/people/ha-ha-92-29-78,people,,-1,False,"{'is_vip': True, 'rename_days': '60', 'vip_icon': {'url': 'https://pic2.zhimg.com/v2-034fefe15c83232cb448718998719d34_r.png', 'night_mode_url': 'https://pic3.zhimg.com/v2-c9686ff064ea3579730756ac6c289978_r.png'}}",[],False,False,0,0,0
9413850cc6c7d019dd7216890865e7de,liu-zhong-shan-93,刘忠山,True,https://pic4.zhimg.com/da8e974dc_is.jpg,https://pic4.zhimg.com/da8e974dc_{size}.jpg,False,people,https://www.zhihu.com/people/liu-zhong-shan-93,people,,-1,False,"{'is_vip': False, 'rename_days': '60'}",[],False,False,0,0,0
99bcc1493c55eced2c0f218b680e8b44,zi-qiang-bu-xi-61-38,自强不息,True,https://pic4.zhimg.com/da8e974dc_is.jpg,https://pic4.zhimg.com/da8e974dc_{size}.jpg,False,people,https://www.zhihu.com/people/zi-qiang-bu-xi-61-38,people,,-1,False,"{'is_vip': False, 'rename_days': '60'}",[],False,False,0,0,0
98ecc7611387a1d5d1750156dc95b125,nu-nu-77-82,努努,False,https://pic2.zhimg.com/v2-c35ef61011f36172a35696aa4784521d_is.jpg,https://pic2.zhimg.com/v2-c35ef61011f36172a35696aa4784521d_{size}.jpg,False,people,https://www.zhihu.com/people/nu-nu-77-82,people,,-1,False,"{'is_vip': False, 'rename_days': '60'}",[],False,False,0,0,0
860d30a70cb608710b84b675d111cc89,tian-wei-17-23,田威,False,https://pic4.zhimg.com/c6f1e6e35dad94b3593901a8e9a8a43c_is.jpg,https://pic4.zhimg.com/c6f1e6e35dad94b3593901a8e9a8a43c_{size}.jpg,False,people,https://www.zhihu.com/people/tian-wei-17-23,people,,1,False,"{'is_vip': False, 'rename_days': '60'}",[],False,False,1,0,0
9ce2824a9250d0133b39d65b40473487,tang-long-75-78,唐龙,True,https://pic4.zhimg.com/da8e974dc_is.jpg,https://pic4.zhimg.com/da8e974dc_{size}.jpg,False,people,https://www.zhihu.com/people/tang-long-75-78,people,,-1,False,"{'is_vip': False, 'rename_days': '60'}",[],False,False,0,0,0
9a95499d037e38c2734e4272431169dc,wind-90,wind,False,https://pic4.zhimg.com/8e34f9cbe_is.jpg,https://pic4.zhimg.com/8e34f9cbe_{size}.jpg,False,people,https://www.zhihu.com/people/wind-90,people,UI设计师,1,False,"{'is_vip': False, 'rename_days': '60'}",[],False,False,1,0,0
278c8d328c56640826917b3529b85914,niu-niu-82-33-72,牛牛,False,https://pic3.zhimg.com/v2-b54ee19c9a58bd0d733e035c80e91996_is.jpg,https://pic3.zhimg.com/v2-b54ee19c9a58bd0d733e035c80e91996_{size}.jpg,False,people,https://www.zhihu.com/people/niu-niu-82-33-72,people,,-1,False,"{'is_vip': False, 'rename_days': '60'}",[],False,False,0,0,0
0a679be6856a5a4cd2a73559d6508a40,he-sheng-miao-you-74,荷生妙友,False,https://pic1.zhimg.com/v2-fc5810778ba29f5bddad0ebb0e463d18_is.jpg,https://pic1.zhimg.com/v2-fc5810778ba29f5bddad0ebb0e463d18_{size}.jpg,False,people,https://www.zhihu.com/people/he-sheng-miao-you-74,people,,-1,False,"{'is_vip': False, 'rename_days': '60'}",[],False,False,0,0,0
549bf48d70986b960a08cd7ab522c9ac,meng-ming-78-58,梦名,False,https://pic4.zhimg.com/v2-b0fd4cc7b91214e7a74d6df4ad160f0d_is.jpg,https://pic4.zhimg.com/v2-b0fd4cc7b91214e7a74d6df4ad160f0d_{size}.jpg,False,people,https://www.zhihu.com/people/meng-ming-78-58,people,,-1,False,"{'is_vip': False, 'rename_days': '60'}",[],False,False,0,0,0
bd756eca7e40a1f935855aab05a967a0,MahoneAlex77,错觉,False,https://pic3.zhimg.com/v2-1a1df98380468761e69ddfba1db26357_is.jpg,https://pic3.zhimg.com/v2-1a1df98380468761e69ddfba1db26357_{size}.jpg,False,people,https://www.zhihu.com/people/MahoneAlex77,people,个人公众号：MahoneAlex77 投资并寻找体验有趣事物,1,False,"{'is_vip': False, 'rename_days': '60'}",[],False,False,59,34,2
9bbf926a751ade58545a6d1251fb8189,zhang-yu-hao-97-62,虚伪的瞳,False,https://pic2.zhimg.com/v2-f2861867ca6a18d6f7865f9fc93a1066_is.jpg,https://pic2.zhimg.com/v2-f2861867ca6a18d6f7865f9fc93a1066_{size}.jpg,False,people,https://www.zhihu.com/people/zhang-yu-hao-97-62,people,我来中国12年了。,1,False,"{'is_vip': False, 'rename_days': '60'}",[],False,False,5,2,0
05da641a77a921bb06894bc6a1e56356,ma-wu-bei,Mvnnn,False,https://pic1.zhimg.com/v2-2226bd9f2bbb76dc8e3254e1c7242656_is.jpg,https://pic1.zhimg.com/v2-2226bd9f2bbb76dc8e3254e1c7242656_{size}.jpg,False,people,https://www.zhihu.com/people/ma-wu-bei,people,愿识乾坤大，不忘草木青,1,False,"{'is_vip': False, 'rename_days': '60'}",[],False,False,1,12,0
0b38c162fd140344b0340e8065fb17e4,lu-hong-yu-13355481431,陆鸿宇13355481431,False,https://pic2.zhimg.com/v2-3db9bcf17fe8a63c965687644503c938_is.jpg,https://pic2.zhimg.com/v2-3db9bcf17fe8a63c965687644503c938_{size}.jpg,False,people,https://www.zhihu.com/people/lu-hong-yu-13355481431,people,,-1,False,"{'is_vip': False, 'rename_days': '60'}",[],False,False,0,0,0
2a16d635ec5b19d8c555632cb9d1fcf2,yuan-heng-57-78,渊恒,False,https://pic1.zhimg.com/v2-526be6c3ae60380125fcd04d0345e9e0_is.jpg,https://pic1.zhimg.com/v2-526be6c3ae60380125fcd04d0345e9e0_{size}.jpg,False,people,https://www.zhihu.com/people/yuan-heng-57-78,people,,-1,False,"{'is_vip': False, 'rename_days': '60'}",[],False,False,0,0,0
142e5d11f0abc9aa3567ef346df9587f,cha-che-zu-ren-xiao-shou,叉车租赁 销售,False,https://pic2.zhimg.com/v2-393dbe8afe0b124f0b8e8a0decbacb93_is.jpg,https://pic2.zhimg.com/v2-393dbe8afe0b124f0b8e8a0decbacb93_{size}.jpg,False,people,https://www.zhihu.com/people/cha-che-zu-ren-xiao-shou,people,,-1,False,"{'is_vip': False, 'rename_days': '60'}",[],False,False,0,0,0
9c2eab65897f290d496577b5bd3fdfc3,xiao-zhe-61-19-63,小哲,False,https://pic1.zhimg.com/v2-20d5a95312463a33989197a9ec34739a_is.jpg,https://pic1.zhimg.com/v2-20d5a95312463a33989197a9ec34739a_{size}.jpg,False,people,https://www.zhihu.com/people/xiao-zhe-61-19-63,people,,-1,False,"{'is_vip': False, 'rename_days': '60'}",[],False,False,0,0,0
40016429d477ddee180559549c11d6c1,air-61-56-2,Air,False,https://pic2.zhimg.com/v2-c98c56db8d9a032b6afa843b3ef477b1_is.jpg,https://pic2.zhimg.com/v2-c98c56db8d9a032b6afa843b3ef477b1_{size}.jpg,False,people,https://www.zhihu.com/people/air-61-56-2,people,,-1,False,"{'is_vip': False, 'rename_days': '60'}",[],False,False,0,0,0
5d3b7da910fe4adc0c7ae39958f12452,liu-qing-bing-36,刘庆兵,False,https://pic4.zhimg.com/v2-998b00645c4b7aff748b714ab050c5cd_is.jpg,https://pic4.zhimg.com/v2-998b00645c4b7aff748b714ab050c5cd_{size}.jpg,False,people,https://www.zhihu.com/people/liu-qing-bing-36,people,,-1,False,"{'is_vip': False, 'rename_days': '60'}",[],False,False,0,0,0
61818cbd407c488202145b3e74bf14af,du-lan-te-33-90,杜兰特,False,https://pic3.zhimg.com/v2-469e355cdf9d16558c1a21e536705457_is.jpg,https://pic3.zhimg.com/v2-469e355cdf9d16558c1a21e536705457_{size}.jpg,False,people,https://www.zhihu.com/people/du-lan-te-33-90,people,,-1,False,"{'is_vip': False, 'rename_days': '60'}",[],False,False,0,0,0
227f1016fb612645fce997124e6dc42e,ge-ge-shi-xiao-mo-xian,葛嗝是小庅仙,False,https://pic4.zhimg.com/v2-5733331665020bfc74b2c93daa1079e0_is.jpg,https://pic4.zhimg.com/v2-5733331665020bfc74b2c93daa1079e0_{size}.jpg,False,people,https://www.zhihu.com/people/ge-ge-shi-xiao-mo-xian,people,,-1,False,"{'is_vip': False, 'rename_days': '60'}",[],False,False,0,3,0
eb9a45b9ea542f011bf16ca2b937681a,winner-56-69,winner,True,https://pic4.zhimg.com/da8e974dc_is.jpg,https://pic4.zhimg.com/da8e974dc_{size}.jpg,False,people,https://www.zhihu.com/people/winner-56-69,people,,-1,False,"{'is_vip': False, 'rename_days': '60'}",[],False,False,0,0,0
057537ecba4dad275f3815f07ffaf065,qi-v0618,柒V0618,False,https://pic1.zhimg.com/v2-9b1efadd8b57d6ad02e8bf7043192ff9_is.jpg,https://pic1.zhimg.com/v2-9b1efadd8b57d6ad02e8bf7043192ff9_{size}.jpg,False,people,https://www.zhihu.com/people/qi-v0618,people,,-1,False,"{'is_vip': False, 'rename_days': '60'}",[],False,False,0,0,0
d133e3a47e17c9e4ba843d48029f0c6b,quan-lu-nuo-quan-ba-na,权鲁诺·权巴纳,False,https://pic1.zhimg.com/v2-c91fb880ed966e6243f86a385d464c72_is.jpg,https://pic1.zhimg.com/v2-c91fb880ed966e6243f86a385d464c72_{size}.jpg,False,people,https://www.zhihu.com/people/quan-lu-nuo-quan-ba-na,people,,-1,False,"{'is_vip': False, 'rename_days': '60'}",[],False,False,0,0,0
938cd1ff61c94de864d818e8a2c260f8,hu-zi-12-4,胡子,False,https://pic1.zhimg.com/v2-9fa51cea29fde3f3cafd460e9a80aa01_is.jpg,https://pic1.zhimg.com/v2-9fa51cea29fde3f3cafd460e9a80aa01_{size}.jpg,False,people,https://www.zhihu.com/people/hu-zi-12-4,people,,-1,False,"{'is_vip': False, 'rename_days': '60'}",[],False,False,1,0,0
0e46703db2873562f5076f605cd46d68,closer-49-94,Closer,False,https://pic3.zhimg.com/v2-6e15d4117e29b87921790ced87b8f9ce_is.jpg,https://pic3.zhimg.com/v2-6e15d4117e29b87921790ced87b8f9ce_{size}.jpg,False,people,https://www.zhihu.com/people/closer-49-94,people,,-1,False,"{'is_vip': False, 'rename_days': '60'}",[],False,False,0,0,0
01f10c2ce6d40c3d3f0b76d998826d0c,ke-qin-duo-fu-si-ji,无语凝噎,False,https://pic1.zhimg.com/v2-3128bbad69ad15c340263860879b04c9_is.jpg,https://pic1.zhimg.com/v2-3128bbad69ad15c340263860879b04c9_{size}.jpg,False,people,https://www.zhihu.com/people/ke-qin-duo-fu-si-ji,people,学生,1,False,"{'is_vip': False, 'rename_days': '60'}",[],False,False,16,15,0
add2a4761a3606adb454ce7c2797417e,yi-xiao-qing-han,一笑倾寒,False,https://pic3.zhimg.com/v2-9e83181e203d92e66844959811ae7498_is.jpg,https://pic3.zhimg.com/v2-9e83181e203d92e66844959811ae7498_{size}.jpg,False,people,https://www.zhihu.com/people/yi-xiao-qing-han,people,,-1,False,"{'is_vip': False, 'rename_days': '60'}",[],False,False,0,0,0
3fd3f5274a870c4f4a054b7fdc0dc7ac,xiu-er-de-xiao-nu-hai,秀儿的小女孩,False,https://pic3.zhimg.com/v2-5db84a001086f0b4792ad4d24d94dfdd_is.jpg,https://pic3.zhimg.com/v2-5db84a001086f0b4792ad4d24d94dfdd_{size}.jpg,False,people,https://www.zhihu.com/people/xiu-er-de-xiao-nu-hai,people,,-1,False,"{'is_vip': False, 'rename_days': '60'}",[],False,False,0,0,0
53ace7b43f9074675c085e8d531d4768,zhi-yue-26-30,纸月,False,https://pic4.zhimg.com/v2-e0cc7fea199e1d6b226460466c3facce_is.jpg,https://pic4.zhimg.com/v2-e0cc7fea199e1d6b226460466c3facce_{size}.jpg,False,people,https://www.zhihu.com/people/zhi-yue-26-30,people,,-1,False,"{'is_vip': False, 'rename_days': '60'}",[],False,False,0,0,0
6b2c01dbacdb14a27243189a27534fa6,yueqinghi,yueqinghi,True,https://pic4.zhimg.com/da8e974dc_is.jpg,https://pic4.zhimg.com/da8e974dc_{size}.jpg,False,people,https://www.zhihu.com/people/yueqinghi,people,工程师,-1,False,"{'is_vip': False, 'rename_days': '60'}",[],False,False,0,0,0
1a02598af95973ebeba3bbd4bb0cb856,man-shi-tan-yin-2,曼施坦因,True,https://pic4.zhimg.com/da8e974dc_is.jpg,https://pic4.zhimg.com/da8e974dc_{size}.jpg,False,people,https://www.zhihu.com/people/man-shi-tan-yin-2,people,,-1,False,"{'is_vip': False, 'rename_days': '60'}",[],False,False,0,0,0
34564ab2496137becb836ce1c6f2cb4c,aa-hao-gong-chuang-hui-huang,A阿豪共创辉煌,False,https://pic3.zhimg.com/v2-6af75a5208e9c1483e60547d0e82af5d_is.jpg,https://pic3.zhimg.com/v2-6af75a5208e9c1483e60547d0e82af5d_{size}.jpg,False,people,https://www.zhihu.com/people/aa-hao-gong-chuang-hui-huang,people,,-1,False,"{'is_vip': False, 'rename_days': '60'}",[],False,False,0,0,0
d60c1a1a6af9794dbf130254b7ec98eb,mowa,mowa,True,https://pic4.zhimg.com/da8e974dc_is.jpg,https://pic4.zhimg.com/da8e974dc_{size}.jpg,False,people,https://www.zhihu.com/people/mowa,people,攻城狮,1,False,"{'is_vip': False, 'rename_days': '60'}",[],False,False,1,0,0
d806a55ab2e468fe6b5db34c43a18ecc,wxfc7ece30824e51a2,寂小寞,False,https://pic1.zhimg.com/v2-6cca6375754dcece66792f66d6503277_is.jpg,https://pic1.zhimg.com/v2-6cca6375754dcece66792f66d6503277_{size}.jpg,False,people,https://www.zhihu.com/people/wxfc7ece30824e51a2,people,公众号：小陌杂谈,1,False,"{'is_vip': False, 'rename_days': '60'}",[],False,False,1,3,1
aab138ca95f0502e0ab2ca1ed4ff8d72,zhang-yu-zhong-40-90,张毓钟,True,https://pic4.zhimg.com/da8e974dc_is.jpg,https://pic4.zhimg.com/da8e974dc_{size}.jpg,False,people,https://www.zhihu.com/people/zhang-yu-zhong-40-90,people,,-1,False,"{'is_vip': False, 'rename_days': '60'}",[],False,False,0,0,0
e6b8562e8a6d5795bc0bcce674c70f28,decode-85,decode,True,https://pic4.zhimg.com/da8e974dc_is.jpg,https://pic4.zhimg.com/da8e974dc_{size}.jpg,False,people,https://www.zhihu.com/people/decode-85,people,,-1,False,"{'is_vip': False, 'rename_days': '60'}",[],False,False,0,0,0
2981838263cdd6c26e3d79da3e051ec4,cai-cai-de-shui-bo-shi,菜菜的水博士,False,https://pic1.zhimg.com/v2-cd3de516690a865c10058a4eb08f4562_is.jpg,https://pic1.zhimg.com/v2-cd3de516690a865c10058a4eb08f4562_{size}.jpg,False,people,https://www.zhihu.com/people/cai-cai-de-shui-bo-shi,people,,-1,False,"{'is_vip': False, 'rename_days': '60'}",[],False,False,0,0,0
1fc9e6844f1295f8f65c4f62bb8da1a8,zhi-zi-hua-kai-76-23,栀子花开,True,https://pic4.zhimg.com/da8e974dc_is.jpg,https://pic4.zhimg.com/da8e974dc_{size}.jpg,False,people,https://www.zhihu.com/people/zhi-zi-hua-kai-76-23,people,,-1,False,"{'is_vip': False, 'rename_days': '60'}",[],False,False,0,0,0
e337e38525552e572fb9657ac29cd8d0,kuai-shui-ba-bu-zao-liao,快睡吧不早了,True,https://pic4.zhimg.com/da8e974dc_is.jpg,https://pic4.zhimg.com/da8e974dc_{size}.jpg,False,people,https://www.zhihu.com/people/kuai-shui-ba-bu-zao-liao,people,南京某高校在读研究僧,-1,False,"{'is_vip': False, 'rename_days': '60'}",[],False,False,0,0,0
9fe188de9e67ddfd71687d72c0b9d5d0,tsangkk,曾琦,False,https://pic1.zhimg.com/v2-a5ffed4238e7e3f1bcf78b72a1ec76bd_is.jpg,https://pic1.zhimg.com/v2-a5ffed4238e7e3f1bcf78b72a1ec76bd_{size}.jpg,False,people,https://www.zhihu.com/people/tsangkk,people,,1,False,"{'is_vip': False, 'rename_days': '60'}",[],False,False,1,0,0
d94c5b457f37de7cc592ff47200f90a4,alex-66-74-61,Alex,True,https://pic4.zhimg.com/da8e974dc_is.jpg,https://pic4.zhimg.com/da8e974dc_{size}.jpg,False,people,https://www.zhihu.com/people/alex-66-74-61,people,,-1,False,"{'is_vip': False, 'rename_days': '60'}",[],False,False,0,0,0
9276d42aec9c61a8662f83fc75a528f3,shan-xi-sheng-pu-an-men-chuang,山西省普安门窗,False,https://pic3.zhimg.com/v2-84400dbe4148bc4e76a15205cab20872_is.jpg,https://pic3.zhimg.com/v2-84400dbe4148bc4e76a15205cab20872_{size}.jpg,False,people,https://www.zhihu.com/people/shan-xi-sheng-pu-an-men-chuang,people,,-1,False,"{'is_vip': False, 'rename_days': '60'}",[],False,False,1,0,0
865a05511089f2ad496fe21d182c9e7e,jian-99-69,Jian,False,https://pic2.zhimg.com/v2-6e1c51b0a4267902b89105e107afceb9_is.jpg,https://pic2.zhimg.com/v2-6e1c51b0a4267902b89105e107afceb9_{size}.jpg,False,people,https://www.zhihu.com/people/jian-99-69,people,,-1,False,"{'is_vip': False, 'rename_days': '60'}",[],False,False,0,0,0
72717a5ebe9f671563425ea82a7e5951,jeff-1-73,jeff,True,https://pic4.zhimg.com/da8e974dc_is.jpg,https://pic4.zhimg.com/da8e974dc_{size}.jpg,False,people,https://www.zhihu.com/people/jeff-1-73,people,求知，探索者,-1,False,"{'is_vip': False, 'rename_days': '60'}",[],False,False,0,0,0
b99959f6fa96bc7782d3f35329512836,ru-han-feng-yu-nuan-yang,如寒风与暖阳,False,https://pic2.zhimg.com/v2-f7cc910119b8b87dd44b0cdee751904d_is.jpg,https://pic2.zhimg.com/v2-f7cc910119b8b87dd44b0cdee751904d_{size}.jpg,False,people,https://www.zhihu.com/people/ru-han-feng-yu-nuan-yang,people,,-1,False,"{'is_vip': False, 'rename_days': '60'}",[],False,False,0,0,0
0d5cf3cb145c88d725ffa2c5b3dbb3a1,ji-xue-wu-hui-feng-54,急雪舞回风,False,https://pic4.zhimg.com/v2-c2f57e6b482465e66bda47327535478f_is.jpg,https://pic4.zhimg.com/v2-c2f57e6b482465e66bda47327535478f_{size}.jpg,False,people,https://www.zhihu.com/people/ji-xue-wu-hui-feng-54,people,,-1,False,"{'is_vip': False, 'rename_days': '60'}",[],False,False,0,1,0
79613c26b8dbdc152346e6457f2210f8,huan-bu-cuo-2-86,还不错,False,https://pic3.zhimg.com/v2-da2cb7209e12a3da09fb1c9a53d423a8_is.jpg,https://pic3.zhimg.com/v2-da2cb7209e12a3da09fb1c9a53d423a8_{size}.jpg,False,people,https://www.zhihu.com/people/huan-bu-cuo-2-86,people,,-1,False,"{'is_vip': False, 'rename_days': '60'}",[],False,False,0,2,0
26f01ffa005a12a6fbff68cf593ea468,ke-ai-da-yang-tuo-la-li-41,可爱大羊驼拉里,False,https://pic2.zhimg.com/v2-d8937a5545a613c0272bf87e3bdc95c0_is.jpg,https://pic2.zhimg.com/v2-d8937a5545a613c0272bf87e3bdc95c0_{size}.jpg,False,people,https://www.zhihu.com/people/ke-ai-da-yang-tuo-la-li-41,people,,-1,False,"{'is_vip': False, 'rename_days': '60'}",[],False,False,0,0,0
03315900c2b78a4246dedaf28aae0822,meng-chang-ge-77,孟长歌,False,https://pic2.zhimg.com/v2-642548a38d3b4ccfd977466f2e15860a_is.jpg,https://pic2.zhimg.com/v2-642548a38d3b4ccfd977466f2e15860a_{size}.jpg,False,people,https://www.zhihu.com/people/meng-chang-ge-77,people,,-1,False,"{'is_vip': False, 'rename_days': '60'}",[],False,False,0,0,0
60102999191075b85f93603dc436e29f,fu-pai-da-xue-qie,福牌大雪茄,True,https://pic4.zhimg.com/da8e974dc_is.jpg,https://pic4.zhimg.com/da8e974dc_{size}.jpg,False,people,https://www.zhihu.com/people/fu-pai-da-xue-qie,people,,-1,False,"{'is_vip': False, 'rename_days': '60'}",[],False,False,0,0,0
4d367db84a34fcff157abc573386a978,feng-ge-yu-lin,剑闪蓝光586,False,https://pic2.zhimg.com/v2-88a608b6a1f7a091300e44e21d017cd5_is.jpg,https://pic2.zhimg.com/v2-88a608b6a1f7a091300e44e21d017cd5_{size}.jpg,False,people,https://www.zhihu.com/people/feng-ge-yu-lin,people,军事评论员,-1,False,"{'is_vip': False, 'rename_days': '60'}",[],False,False,0,0,0
be338f9b3fd9710846b16834b8456332,wfy-99-3,Kevin,False,https://pic1.zhimg.com/v2-0650eef6d8adb7025d011e53bce1714d_is.jpg,https://pic1.zhimg.com/v2-0650eef6d8adb7025d011e53bce1714d_{size}.jpg,False,people,https://www.zhihu.com/people/wfy-99-3,people,Kevin Durant 的 Kevin,-1,False,"{'is_vip': False, 'rename_days': '60'}",[],False,False,0,2,0
c790df70d8762c8068dab8e1d9a334b7,kai-xin-jiu-hao-67-61,开心就好,False,https://pic3.zhimg.com/v2-f876f75e49ec58fcdd55eec523117b5a_is.jpg,https://pic3.zhimg.com/v2-f876f75e49ec58fcdd55eec523117b5a_{size}.jpg,False,people,https://www.zhihu.com/people/kai-xin-jiu-hao-67-61,people,,-1,False,"{'is_vip': False, 'rename_days': '60'}",[],False,False,0,0,0
79447d66f0c2f115f608791edb6fd9c0,zui-chu-96-3,最初,False,https://pic4.zhimg.com/v2-127649dc9fdd4d8393cf9b080fb3bb68_is.jpg,https://pic4.zhimg.com/v2-127649dc9fdd4d8393cf9b080fb3bb68_{size}.jpg,False,people,https://www.zhihu.com/people/zui-chu-96-3,people,生活很好，务必开心！,0,False,"{'is_vip': False, 'rename_days': '60'}",[],False,False,0,0,0
2307aad10b2223f67596d115a4ae86f7,er-zi-37-63,二湽,False,https://pic1.zhimg.com/v2-ccfdb21f0ac5e764968241d659487692_is.jpg,https://pic1.zhimg.com/v2-ccfdb21f0ac5e764968241d659487692_{size}.jpg,False,people,https://www.zhihu.com/people/er-zi-37-63,people,,-1,False,"{'is_vip': False, 'rename_days': '60'}",[],False,False,0,0,0
2fe7dd9449c9f8fbc39c5b563ef24901,dao-xu-55,道旭,False,https://pic3.zhimg.com/v2-46eadfd94b90df4dbc65abdbdf0d366a_is.jpg,https://pic3.zhimg.com/v2-46eadfd94b90df4dbc65abdbdf0d366a_{size}.jpg,False,people,https://www.zhihu.com/people/dao-xu-55,people,,-1,False,"{'is_vip': False, 'rename_days': '60'}",[],False,False,0,0,0
8328f45186c7d07dd8ff43e0002beb02,ao-te-zhi-fu-71,奥特之父,False,https://pic1.zhimg.com/v2-7c7e2e45fd36f452edd59e1fa802bf74_is.jpg,https://pic1.zhimg.com/v2-7c7e2e45fd36f452edd59e1fa802bf74_{size}.jpg,False,people,https://www.zhihu.com/people/ao-te-zhi-fu-71,people,,-1,False,"{'is_vip': False, 'rename_days': '60'}",[],False,False,0,0,0
